DateTime,MaximumSpeed,LinkID,RoadName,SpeedBand,RoadCategory,MinimumSpeed,Location
00:02,59.0,103098943,CHOA CHU KANG AVENUE 3,3,D,40,1.3805895432850994 103.74201730473243 1.3800400299576012 103.74120855605975
00:02,59.0,103076063,WOODLANDS ROAD,3,B,40,1.399027473240379 103.7553182996927 1.3986609754803143 103.75518194323922
00:02,39.0,103030883,HOUGANG AVENUE 4,2,D,20,1.3742439017982357 103.88529975827204 1.3738695600842703 103.8852253844054
00:02,59.0,104003992,CLEMENTI AVENUE 6,3,F,40,1.3163287378822295 103.76133268167833 1.3152605534502255 103.76088573773033
00:02,39.0,103110036,HARVEY ROAD,2,E,20,1.333534171783063 103.88445104036495 1.334480240662004 103.88423757172991
00:02,39.0,103089006,PIONEER ROAD NORTH,2,B,20,1.3468683821422813 103.69025703809406 1.3466193981361332 103.6903389382926
00:02,39.0,103102707,TEBAN GARDENS ROAD,2,D,20,1.3221397264324177 103.74067367269409 1.3224151277960807 103.73936107597333
00:02,,103066446,SELETAR EXPRESSWAY,4,A,60,1.3933641470952896 103.83017614834209 1.3930461788606892 103.82850046052181
00:02,39.0,104006262,JALAN TIONG,2,B,20,1.2885446575569008 103.81522708590182 1.2894487475306688 103.81601120052828
00:02,,103023263,MIMOSA ROAD,4,E,60,1.3846516285071027 103.86130024952197 1.3847021513504938 103.86163326231437
00:02,39.0,103106791,JURONG WEST STREET 51,2,C,20,1.3469175675090634 103.72108428937013 1.347671822206832 103.72065434759489
00:02,39.0,103037283,LI HWAN DRIVE,2,E,20,1.354538472093295 103.86279521974849 1.3554224742291467 103.863192917283
00:02,39.0,103079659,BENOI ROAD,2,B,20,1.3218406112967973 103.67908937587285 1.3224708533860603 103.67911675172884
00:02,39.0,103053551,PENJURU CLOSE,2,E,20,1.312473778966346 103.73316481781487 1.3127432138862785 103.73199916551488
00:02,59.0,103070015,ELIAS ROAD,3,D,40,1.3777681206363968 103.94139850987841 1.378867186631845 103.94152708219333
00:02,39.0,103046419,TUDOR CLOSE,2,E,20,1.3272983831607585 103.81902739813964 1.3269356969952486 103.81906247979533
00:02,39.0,103100830,JURONG WEST STREET 91,2,D,20,1.3430596047385601 103.69250778755682 1.3422347747467551 103.69145681907827
00:02,39.0,104007318,BISHAN STREET 12,2,D,20,1.3479668056040577 103.84987239628619 1.347285087627832 103.84973081425973
00:02,39.0,103091431,JOO CHIAT AVENUE,2,E,20,1.3160979329649067 103.91252210842339 1.3157664228530506 103.91101277695655
00:02,59.0,103046935,SERANGOON ROAD,3,B,40,1.3220591510051254 103.86246461405193 1.3215993547809128 103.86315591911669
00:02,,103104914,TAMPINES ROAD,4,B,60,1.3776182033611846 103.91396137870652 1.3784841278685094 103.91458882722249
00:02,39.0,103031346,MANDAI ROAD,2,B,20,1.4026080634287352 103.81525433456433 1.402689645719599 103.81640482532244
00:02,,103026994,NIM ROAD,4,E,60,1.3806647169807298 103.86241340163942 1.3815437998182825 103.86275797975088
00:02,59.0,103067603,COMMONWEALTH AVENUE WEST,3,B,40,1.3155700538658663 103.76502558167256 1.3146394741932022 103.76542384414495
00:02,39.0,103031267,PONGGOL SEVENTEENTH AVENUE,2,E,20,1.415975121825413 103.90579256200513 1.4155838094053605 103.90532727949302
00:02,19.0,103028396,T2 BASEMENT DRIVE,1,E,0,1.354555356422381 103.98908738997977 1.3535347292627729 103.98854931143833
00:02,39.0,103106763,SHUNFU ROAD,2,D,20,1.352414677139681 103.83714126749518 1.3515001003201181 103.83831024337069
00:02,,103011039,MEYER ROAD,4,C,60,1.2979413745180766 103.8858495015343 1.2993701686587462 103.88595357348129
00:02,39.0,103080426,YIO CHU KANG ROAD,2,B,20,1.3789273339780308 103.8766121640118 1.378711751253142 103.8766364665296
00:02,19.0,103012016,HOLT ROAD,1,E,0,1.2934310999334304 103.82484733439362 1.2942176200903235 103.82582486565752
00:02,,103057175,LENTOR AVENUE,4,B,60,1.3926676149662798 103.83644380027843 1.392788736696967 103.836253059076
00:02,,103103595,AYER RAJAH EXPRESSWAY,4,A,60,1.300565991283341 103.77776131278489 1.2996764969597445 103.77910681274477
00:02,39.0,103060887,LORONG CHENCHARU,2,E,20,1.415477529721408 103.82619703778077 1.4160947264320878 103.82485779848956
00:02,,103113002,ROBEY CRESCENT,4,E,60,1.3681399431741093 103.88229413669929 1.3671462206132938 103.8822154648141
00:02,39.0,104006030,CHAMPIONS WAY,2,D,20,1.42701067079461 103.78942754317147 1.427377339644944 103.79057571213559
00:02,,103095079,JALAN PERGAM,4,E,60,1.3429777888159506 103.96104006277909 1.3444529517840251 103.96148851121612
00:02,59.0,103049418,CORPORATION WALK,3,E,40,1.3405902913720105 103.71891121842984 1.3406012772585627 103.71905854545528
00:02,39.0,103001699,JALAN TUA KONG,2,E,20,1.3175305116478193 103.92525609318645 1.3178591974926868 103.92514905196315
00:02,39.0,103092054,UBI AVENUE 1,2,D,20,1.329405125601843 103.90055847095665 1.33028797714188 103.90013972317871
00:02,39.0,103051271,PANDAN GARDENS,2,D,20,1.3201278593517238 103.74868537261747 1.3212958354200364 103.74893330639192
00:02,39.0,103059303,BEGONIA ROAD,2,E,20,1.3880197775625285 103.86286960896632 1.3887483279632333 103.86328471580873
00:02,59.0,103097367,CHOA CHU KANG AVENUE 1,3,D,40,1.3771303230124494 103.74696278147944 1.3773960570732424 103.74784899770385
00:02,59.0,110007138,CHOA CHU KANG GROVE,3,D,40,1.3748946916417757 103.75076440243522 1.374328251359226 103.74969207613857
00:02,39.0,104000458,SENGKANG SQUARE,2,D,20,1.3905194797109601 103.89517723305796 1.3902761784135231 103.89587315703142
00:02,,108002211,SENGKANG SQUARE,4,D,60,1.3901340015841874 103.89627982248255 1.3902761784135231 103.89587315703142
00:02,,103103090,PAN ISLAND EXPRESSWAY,4,A,60,1.3353189072938845 103.92713807525239 1.3349874819082723 103.92556329774584
00:02,39.0,103110244,SOPHIA ROAD,2,E,20,1.3017335514498491 103.8488138995188 1.3020505931348514 103.84753501033079
00:02,39.0,103028636,BERWICK DRIVE,2,E,20,1.3630355316688796 103.85998640895656 1.3632841358353125 103.86048119009452
00:02,59.0,103082018,WOODLANDS AVENUE 2,3,B,40,1.4395011293833984 103.7878219532999 1.4395374111765264 103.78775881717601
00:02,19.0,103093627,KAMPONG BUGIS,1,E,0,1.3058800726679345 103.86715785189837 1.3064149744042008 103.86600939900082
00:09,19.0,103089006,PIONEER ROAD NORTH,1,B,0,1.3468683821422813 103.69025703809406 1.3466193981361332 103.6903389382926
00:09,19.0,104006262,JALAN TIONG,1,B,0,1.2885446575569008 103.81522708590182 1.2894487475306688 103.81601120052828
00:09,,103028396,T2 BASEMENT DRIVE,4,E,60,1.354555356422381 103.98908738997977 1.3535347292627729 103.98854931143833
00:09,39.0,103097367,CHOA CHU KANG AVENUE 1,2,D,20,1.3771303230124494 103.74696278147944 1.3773960570732424 103.74784899770385
00:09,19.0,108002211,SENGKANG SQUARE,1,D,0,1.3901340015841874 103.89627982248255 1.3902761784135231 103.89587315703142
00:15,39.0,103023263,MIMOSA ROAD,2,E,20,1.3846516285071027 103.86130024952197 1.3847021513504938 103.86163326231437
00:15,59.0,103104914,TAMPINES ROAD,3,B,40,1.3776182033611846 103.91396137870652 1.3784841278685094 103.91458882722249
00:15,59.0,103011039,MEYER ROAD,3,C,40,1.2979413745180766 103.8858495015343 1.2993701686587462 103.88595357348129
00:15,59.0,103080426,YIO CHU KANG ROAD,3,B,40,1.3789273339780308 103.8766121640118 1.378711751253142 103.8766364665296
00:15,39.0,103012016,HOLT ROAD,2,E,20,1.2934310999334304 103.82484733439362 1.2942176200903235 103.82582486565752
00:21,39.0,103011039,MEYER ROAD,2,C,20,1.2979413745180766 103.8858495015343 1.2993701686587462 103.88595357348129
00:27,,103070015,ELIAS ROAD,4,D,60,1.3777681206363968 103.94139850987841 1.378867186631845 103.94152708219333
00:27,39.0,103028396,T2 BASEMENT DRIVE,2,E,20,1.354555356422381 103.98908738997977 1.3535347292627729 103.98854931143833
00:27,59.0,103012016,HOLT ROAD,3,E,40,1.2934310999334304 103.82484733439362 1.2942176200903235 103.82582486565752
00:27,59.0,104000458,SENGKANG SQUARE,3,D,40,1.3905194797109601 103.89517723305796 1.3902761784135231 103.89587315703142
00:27,39.0,108002211,SENGKANG SQUARE,2,D,20,1.3901340015841874 103.89627982248255 1.3902761784135231 103.89587315703142
00:33,59.0,103089006,PIONEER ROAD NORTH,3,B,40,1.3468683821422813 103.69025703809406 1.3466193981361332 103.6903389382926
00:33,59.0,103037283,LI HWAN DRIVE,3,E,40,1.354538472093295 103.86279521974849 1.3554224742291467 103.863192917283
00:33,39.0,103070015,ELIAS ROAD,2,D,20,1.3777681206363968 103.94139850987841 1.378867186631845 103.94152708219333
00:33,19.0,103031346,MANDAI ROAD,1,B,0,1.4026080634287352 103.81525433456433 1.402689645719599 103.81640482532244
00:33,,103012016,HOLT ROAD,4,E,60,1.2934310999334304 103.82484733439362 1.2942176200903235 103.82582486565752
00:33,59.0,103057175,LENTOR AVENUE,3,B,40,1.3926676149662798 103.83644380027843 1.392788736696967 103.836253059076
00:33,39.0,103095079,JALAN PERGAM,2,E,20,1.3429777888159506 103.96104006277909 1.3444529517840251 103.96148851121612
00:33,19.0,103001699,JALAN TUA KONG,1,E,0,1.3175305116478193 103.92525609318645 1.3178591974926868 103.92514905196315
00:33,59.0,103110244,SOPHIA ROAD,3,E,40,1.3017335514498491 103.8488138995188 1.3020505931348514 103.84753501033079
00:33,39.0,103082018,WOODLANDS AVENUE 2,2,B,20,1.4395011293833984 103.7878219532999 1.4395374111765264 103.78775881717601
00:39,,103079659,BENOI ROAD,4,B,60,1.3218406112967973 103.67908937587285 1.3224708533860603 103.67911675172884
00:45,,103037283,LI HWAN DRIVE,4,E,60,1.354538472093295 103.86279521974849 1.3554224742291467 103.863192917283
00:45,59.0,103028396,T2 BASEMENT DRIVE,3,E,40,1.354555356422381 103.98908738997977 1.3535347292627729 103.98854931143833
00:51,59.0,103079659,BENOI ROAD,3,B,40,1.3218406112967973 103.67908937587285 1.3224708533860603 103.67911675172884
00:51,59.0,103031267,PONGGOL SEVENTEENTH AVENUE,3,E,40,1.415975121825413 103.90579256200513 1.4155838094053605 103.90532727949302
00:51,59.0,103095079,JALAN PERGAM,3,E,40,1.3429777888159506 103.96104006277909 1.3444529517840251 103.96148851121612
00:57,19.0,103110036,HARVEY ROAD,1,E,0,1.333534171783063 103.88445104036495 1.334480240662004 103.88423757172991
00:57,59.0,103106791,JURONG WEST STREET 51,3,C,40,1.3469175675090634 103.72108428937013 1.347671822206832 103.72065434759489
00:57,19.0,103028636,BERWICK DRIVE,1,E,0,1.3630355316688796 103.85998640895656 1.3632841358353125 103.86048119009452
01:03,39.0,103098943,CHOA CHU KANG AVENUE 3,2,D,20,1.3805895432850994 103.74201730473243 1.3800400299576012 103.74120855605975
01:03,59.0,103031346,MANDAI ROAD,3,B,40,1.4026080634287352 103.81525433456433 1.402689645719599 103.81640482532244
01:09,19.0,103070015,ELIAS ROAD,1,D,0,1.3777681206363968 103.94139850987841 1.378867186631845 103.94152708219333
01:09,59.0,103106763,SHUNFU ROAD,3,D,40,1.352414677139681 103.83714126749518 1.3515001003201181 103.83831024337069
01:09,39.0,110007138,CHOA CHU KANG GROVE,2,D,20,1.3748946916417757 103.75076440243522 1.374328251359226 103.74969207613857
01:15,,103106763,SHUNFU ROAD,4,D,60,1.352414677139681 103.83714126749518 1.3515001003201181 103.83831024337069
01:15,19.0,103051271,PANDAN GARDENS,1,D,0,1.3201278593517238 103.74868537261747 1.3212958354200364 103.74893330639192
01:15,,104000458,SENGKANG SQUARE,4,D,60,1.3905194797109601 103.89517723305796 1.3902761784135231 103.89587315703142
01:21,19.0,103023263,MIMOSA ROAD,1,E,0,1.3846516285071027 103.86130024952197 1.3847021513504938 103.86163326231437
01:21,,103082018,WOODLANDS AVENUE 2,4,B,60,1.4395011293833984 103.7878219532999 1.4395374111765264 103.78775881717601
04:27,,103091431,JOO CHIAT AVENUE,4,E,60,1.3160979329649067 103.91252210842339 1.3157664228530506 103.91101277695655
04:27,19.0,103026994,NIM ROAD,1,E,0,1.3806647169807298 103.86241340163942 1.3815437998182825 103.86275797975088
04:27,,103060887,LORONG CHENCHARU,4,E,60,1.415477529721408 103.82619703778077 1.4160947264320878 103.82485779848956
04:27,39.0,103049418,CORPORATION WALK,2,E,20,1.3405902913720105 103.71891121842984 1.3406012772585627 103.71905854545528
04:27,59.0,103092054,UBI AVENUE 1,3,D,40,1.329405125601843 103.90055847095665 1.33028797714188 103.90013972317871
04:27,39.0,103093627,KAMPONG BUGIS,2,E,20,1.3058800726679345 103.86715785189837 1.3064149744042008 103.86600939900082
04:33,,104003992,CLEMENTI AVENUE 6,4,F,60,1.3163287378822295 103.76133268167833 1.3152605534502255 103.76088573773033
04:33,,103110036,HARVEY ROAD,4,E,60,1.333534171783063 103.88445104036495 1.334480240662004 103.88423757172991
04:39,19.0,103059303,BEGONIA ROAD,1,E,0,1.3880197775625285 103.86286960896632 1.3887483279632333 103.86328471580873
04:39,59.0,108002211,SENGKANG SQUARE,3,D,40,1.3901340015841874 103.89627982248255 1.3902761784135231 103.89587315703142
04:51,59.0,103110036,HARVEY ROAD,3,E,40,1.333534171783063 103.88445104036495 1.334480240662004 103.88423757172991
05:21,19.0,103037283,LI HWAN DRIVE,1,E,0,1.354538472093295 103.86279521974849 1.3554224742291467 103.863192917283
05:21,19.0,103110244,SOPHIA ROAD,1,E,0,1.3017335514498491 103.8488138995188 1.3020505931348514 103.84753501033079
05:27,59.0,103102707,TEBAN GARDENS ROAD,3,D,40,1.3221397264324177 103.74067367269409 1.3224151277960807 103.73936107597333
05:39,59.0,103030883,HOUGANG AVENUE 4,3,D,40,1.3742439017982357 103.88529975827204 1.3738695600842703 103.8852253844054
05:39,39.0,103046935,SERANGOON ROAD,2,B,20,1.3220591510051254 103.86246461405193 1.3215993547809128 103.86315591911669
05:57,19.0,103092054,UBI AVENUE 1,1,D,0,1.329405125601843 103.90055847095665 1.33028797714188 103.90013972317871
06:03,,103051271,PANDAN GARDENS,4,D,60,1.3201278593517238 103.74868537261747 1.3212958354200364 103.74893330639192
06:03,19.0,104000458,SENGKANG SQUARE,1,D,0,1.3905194797109601 103.89517723305796 1.3902761784135231 103.89587315703142
06:27,39.0,103076063,WOODLANDS ROAD,2,B,20,1.399027473240379 103.7553182996927 1.3986609754803143 103.75518194323922
06:45,19.0,103102707,TEBAN GARDENS ROAD,1,D,0,1.3221397264324177 103.74067367269409 1.3224151277960807 103.73936107597333
06:51,39.0,104003992,CLEMENTI AVENUE 6,2,F,20,1.3163287378822295 103.76133268167833 1.3152605534502255 103.76088573773033
06:51,19.0,103091431,JOO CHIAT AVENUE,1,E,0,1.3160979329649067 103.91252210842339 1.3157664228530506 103.91101277695655
06:51,39.0,103026994,NIM ROAD,2,E,20,1.3806647169807298 103.86241340163942 1.3815437998182825 103.86275797975088
06:57,,110007138,CHOA CHU KANG GROVE,4,D,60,1.3748946916417757 103.75076440243522 1.374328251359226 103.74969207613857
07:03,39.0,103067603,COMMONWEALTH AVENUE WEST,2,B,20,1.3155700538658663 103.76502558167256 1.3146394741932022 103.76542384414495
07:03,,103031267,PONGGOL SEVENTEENTH AVENUE,4,E,60,1.415975121825413 103.90579256200513 1.4155838094053605 103.90532727949302
07:15,59.0,103103595,AYER RAJAH EXPRESSWAY,3,A,40,1.300565991283341 103.77776131278489 1.2996764969597445 103.77910681274477
07:21,,103049418,CORPORATION WALK,4,E,60,1.3405902913720105 103.71891121842984 1.3406012772585627 103.71905854545528
07:27,19.0,103106791,JURONG WEST STREET 51,1,C,0,1.3469175675090634 103.72108428937013 1.347671822206832 103.72065434759489
07:27,19.0,104007318,BISHAN STREET 12,1,D,0,1.3479668056040577 103.84987239628619 1.347285087627832 103.84973081425973
07:27,19.0,104006030,CHAMPIONS WAY,1,D,0,1.42701067079461 103.78942754317147 1.427377339644944 103.79057571213559
07:27,59.0,103103090,PAN ISLAND EXPRESSWAY,3,A,40,1.3353189072938845 103.92713807525239 1.3349874819082723 103.92556329774584
07:34,,104006030,CHAMPIONS WAY,4,D,60,1.42701067079461 103.78942754317147 1.427377339644944 103.79057571213559
07:40,59.0,103059303,BEGONIA ROAD,3,E,40,1.3880197775625285 103.86286960896632 1.3887483279632333 103.86328471580873
07:46,59.0,103091431,JOO CHIAT AVENUE,3,E,40,1.3160979329649067 103.91252210842339 1.3157664228530506 103.91101277695655
07:52,,103053551,PENJURU CLOSE,4,E,60,1.312473778966346 103.73316481781487 1.3127432138862785 103.73199916551488
07:52,59.0,104006030,CHAMPIONS WAY,3,D,40,1.42701067079461 103.78942754317147 1.427377339644944 103.79057571213559
08:10,,103046419,TUDOR CLOSE,4,E,60,1.3272983831607585 103.81902739813964 1.3269356969952486 103.81906247979533
08:10,39.0,103103090,PAN ISLAND EXPRESSWAY,2,A,20,1.3353189072938845 103.92713807525239 1.3349874819082723 103.92556329774584
08:22,19.0,103113002,ROBEY CRESCENT,1,E,0,1.3681399431741093 103.88229413669929 1.3671462206132938 103.8822154648141
08:28,59.0,103051271,PANDAN GARDENS,3,D,40,1.3201278593517238 103.74868537261747 1.3212958354200364 103.74893330639192
08:34,19.0,103030883,HOUGANG AVENUE 4,1,D,0,1.3742439017982357 103.88529975827204 1.3738695600842703 103.8852253844054
08:34,19.0,104003992,CLEMENTI AVENUE 6,1,F,0,1.3163287378822295 103.76133268167833 1.3152605534502255 103.76088573773033
08:34,19.0,110007138,CHOA CHU KANG GROVE,1,D,0,1.3748946916417757 103.75076440243522 1.374328251359226 103.74969207613857
08:58,19.0,103100830,JURONG WEST STREET 91,1,D,0,1.3430596047385601 103.69250778755682 1.3422347747467551 103.69145681907827
09:16,,103110244,SOPHIA ROAD,4,E,60,1.3017335514498491 103.8488138995188 1.3020505931348514 103.84753501033079
09:28,39.0,103113002,ROBEY CRESCENT,2,E,20,1.3681399431741093 103.88229413669929 1.3671462206132938 103.8822154648141
09:40,19.0,103046419,TUDOR CLOSE,1,E,0,1.3272983831607585 103.81902739813964 1.3269356969952486 103.81906247979533
09:46,19.0,103049418,CORPORATION WALK,1,E,0,1.3405902913720105 103.71891121842984 1.3406012772585627 103.71905854545528
09:52,19.0,103076063,WOODLANDS ROAD,1,B,0,1.399027473240379 103.7553182996927 1.3986609754803143 103.75518194323922
10:52,,103093627,KAMPONG BUGIS,4,E,60,1.3058800726679345 103.86715785189837 1.3064149744042008 103.86600939900082
10:58,19.0,103031267,PONGGOL SEVENTEENTH AVENUE,1,E,0,1.415975121825413 103.90579256200513 1.4155838094053605 103.90532727949302
10:58,,103028636,BERWICK DRIVE,4,E,60,1.3630355316688796 103.85998640895656 1.3632841358353125 103.86048119009452
11:34,19.0,103060887,LORONG CHENCHARU,1,E,0,1.415477529721408 103.82619703778077 1.4160947264320878 103.82485779848956
12:04,,103098943,CHOA CHU KANG AVENUE 3,4,D,60,1.3805895432850994 103.74201730473243 1.3800400299576012 103.74120855605975
12:04,59.0,103023263,MIMOSA ROAD,3,E,40,1.3846516285071027 103.86130024952197 1.3847021513504938 103.86163326231437
12:16,59.0,103026994,NIM ROAD,3,E,40,1.3806647169807298 103.86241340163942 1.3815437998182825 103.86275797975088
12:16,59.0,103060887,LORONG CHENCHARU,3,E,40,1.415477529721408 103.82619703778077 1.4160947264320878 103.82485779848956
12:59,,103102707,TEBAN GARDENS ROAD,4,D,60,1.3221397264324177 103.74067367269409 1.3224151277960807 103.73936107597333
13:29,59.0,103113002,ROBEY CRESCENT,3,E,40,1.3681399431741093 103.88229413669929 1.3671462206132938 103.8822154648141
14:05,19.0,103079659,BENOI ROAD,1,B,0,1.3218406112967973 103.67908937587285 1.3224708533860603 103.67911675172884
14:05,19.0,103011039,MEYER ROAD,1,C,0,1.2979413745180766 103.8858495015343 1.2993701686587462 103.88595357348129
14:23,19.0,103046935,SERANGOON ROAD,1,B,0,1.3220591510051254 103.86246461405193 1.3215993547809128 103.86315591911669
14:41,39.0,103103595,AYER RAJAH EXPRESSWAY,2,A,20,1.300565991283341 103.77776131278489 1.2996764969597445 103.77910681274477
15:11,59.0,103046419,TUDOR CLOSE,3,E,40,1.3272983831607585 103.81902739813964 1.3269356969952486 103.81906247979533
15:17,39.0,103000000,KENT ROAD,2,E,20,1.3170142286123558 103.85298052044496 1.3166840028663076 103.85259882242372
15:17,59.0,103000010,BUCKLEY ROAD,3,E,40,1.3166507852203482 103.84102305136321 1.316912438354752 103.84022564204443
15:17,,103000011,BUCKLEY ROAD,4,E,60,1.316912438354752 103.84022564204443 1.3166507852203482 103.84102305136321
15:17,39.0,103000014,SHREWSBURY ROAD,2,E,20,1.3186726294030418 103.84700267615683 1.318021196845699 103.84711392225324
15:17,59.0,103000015,SHREWSBURY ROAD,3,E,40,1.318021196845699 103.84711392225324 1.3186726294030418 103.84700267615683
15:17,59.0,103000018,JALAN KORMA,3,E,40,1.3157770030138056 103.84426743639838 1.3159796416371992 103.84479180450104
15:17,39.0,103000019,JALAN KORMA,2,E,20,1.3159796416371992 103.84479180450104 1.3157770030138056 103.84426743639838
15:17,39.0,103000022,SING AVENUE,2,E,20,1.3157638139947652 103.85346718361517 1.3159850985084538 103.8540099459191
15:17,39.0,103000023,SING AVENUE,2,E,20,1.3159850985084538 103.8540099459191 1.3157638139947652 103.85346718361517
15:17,39.0,103000026,MOULMEIN RISE,2,E,20,1.3193495076454247 103.84576595796847 1.3193341115607338 103.84649970636899
15:17,,103000027,MOULMEIN RISE,4,E,60,1.3193341115607338 103.84649970636899 1.3193495076454247 103.84576595796847
15:17,39.0,103000030,SINARAN DRIVE,2,E,20,1.3187614079491163 103.84584773223746 1.3184775003743368 103.845922903644
15:17,39.0,103000031,SINARAN DRIVE,2,E,20,1.3184775003743368 103.845922903644 1.3187614079491163 103.84584773223746
15:17,39.0,103000034,LEMBU ROAD,2,E,20,1.3095165181658415 103.85444503278327 1.3102490949407017 103.85489147379481
15:17,39.0,103000035,LEMBU ROAD,2,E,20,1.3102490949407017 103.85489147379481 1.3095165181658415 103.85444503278327
15:17,39.0,103000036,DESKER ROAD,2,E,20,1.3095165181658415 103.85444503278327 1.3098257335080767 103.85396567774879
15:17,39.0,103000040,VERDUN ROAD,2,D,20,1.3094817613742067 103.85571657719505 1.3100415318076366 103.85617487784177
15:17,39.0,103000044,SYED ALWI ROAD,2,E,20,1.3102490949407017 103.85489147379481 1.3094817613742067 103.85571657719505
15:17,39.0,103000050,ORCHARD SPRING LANE,2,E,20,1.3040240949630044 103.82435328722222 1.3035181120546362 103.82439062361162
15:17,39.0,103000051,ORCHARD SPRING LANE,2,E,20,1.3035181120546362 103.82439062361162 1.3040240949630044 103.82435328722222
15:17,19.0,103000054,KAY SIANG ROAD,1,E,0,1.2977954689273836 103.81184137776128 1.2979363108403927 103.81139535719257
15:17,19.0,103000055,KAY SIANG ROAD,1,E,0,1.2979363108403927 103.81139535719257 1.2977954689273836 103.81184137776128
15:17,39.0,103000056,MARTABAN ROAD,2,E,20,1.3235238431328136 103.8508428681823 1.3241924351833945 103.85149036161232
15:17,39.0,103000062,MARTABAN ROAD,2,E,20,1.3235238431328136 103.8508428681823 1.3242848711830488 103.85008775600016
15:17,,103000063,MARTABAN ROAD,4,E,60,1.3242848711830488 103.85008775600016 1.3235238431328136 103.8508428681823
15:17,39.0,103000066,JALAN TAN TOCK SENG,2,E,20,1.319450709571759 103.84838600107199 1.3202305802943324 103.84823264087314
15:17,39.0,103000067,JALAN TAN TOCK SENG,2,E,20,1.3202305802943324 103.84823264087314 1.319450709571759 103.84838600107199
15:17,39.0,103000068,SOPHIA ROAD,2,E,20,1.3020505931348514 103.84753501033079 1.3020981908558338 103.8473568469501
15:17,59.0,103000072,MUSCAT STREET,3,E,40,1.3020478491197238 103.85929118664532 1.3024623974822258 103.85961424505442
15:17,,103000078,PAN ISLAND EXPRESSWAY,4,A,60,1.3479138498233316 103.6923894384768 1.3491170726830268 103.69342360283092
15:17,,103000079,PAN ISLAND EXPRESSWAY,4,A,60,1.3491170726830268 103.69342360283092 1.3479138498233316 103.6923894384768
15:17,,103000080,PAN ISLAND EXPRESSWAY,4,A,60,1.3436196253925365 103.78499221155269 1.3431444683048892 103.78388724345461
15:17,39.0,103000086,AMBER ROAD,2,C,20,1.3009014346769388 103.90150591557894 1.3000155854751687 103.90006277560406
15:17,,103000087,AMBER ROAD,4,C,60,1.3000155854751687 103.90006277560406 1.3009014346769388 103.90150591557894
15:17,39.0,103000090,ANG MO KIO AVENUE 4,2,C,20,1.379554969889813 103.83982137005755 1.3778764702530613 103.83969577191468
15:17,39.0,103000091,ANG MO KIO AVENUE 4,2,C,20,1.3778764702530613 103.83969577191468 1.379554969889813 103.83982137005755
15:17,39.0,103000094,JALAN TUPAI,2,E,20,1.302018104115238 103.82687869301155 1.3025271007866848 103.82774617488766
15:17,39.0,103000095,JALAN TUPAI,2,E,20,1.3025271007866848 103.82774617488766 1.302018104115238 103.82687869301155
15:17,39.0,103000098,TOMLINSON ROAD,2,D,20,1.3034535281731428 103.82621354051224 1.302018104115238 103.82687869301155
15:17,39.0,103000099,TOMLINSON ROAD,2,D,20,1.302018104115238 103.82687869301155 1.3034535281731428 103.82621354051224
15:17,,103000106,SHREWSBURY ROAD,4,E,60,1.3185208604394962 103.8497306240015 1.318283897687114 103.84848967791835
15:17,39.0,103000107,SHREWSBURY ROAD,2,E,20,1.318283897687114 103.84848967791835 1.3185208604394962 103.8497306240015
15:17,59.0,103000110,TELOK BLANGAH HEIGHTS,3,D,40,1.2771369059505562 103.81040355919788 1.277633353991097 103.80909264308315
15:17,59.0,103000111,TELOK BLANGAH HEIGHTS,3,D,40,1.277633353991097 103.80909264308315 1.2771369059505562 103.81040355919788
15:17,59.0,103000114,TELOK BLANGAH HEIGHTS,3,D,40,1.277633353991097 103.80909264308315 1.2780189431917124 103.80767112662544
15:17,59.0,103000115,TELOK BLANGAH HEIGHTS,3,D,40,1.2780189431917124 103.80767112662544 1.277633353991097 103.80909264308315
15:17,59.0,103000118,TELOK BLANGAH HEIGHTS,3,D,40,1.2765900388648779 103.81171237266507 1.276042945010033 103.81302172471231
15:17,39.0,103000119,TELOK BLANGAH HEIGHTS,2,D,20,1.276042945010033 103.81302172471231 1.2765900388648779 103.81171237266507
15:17,,103000122,PAN ISLAND EXPRESSWAY,4,A,60,1.3504385286425702 103.69440891572472 1.3517801862142893 103.69536755921838
15:17,59.0,103000123,PAN ISLAND EXPRESSWAY,3,A,40,1.3517801862142893 103.69536755921838 1.3504385286425702 103.69440891572472
15:35,59.0,103053551,PENJURU CLOSE,3,E,40,1.312473778966346 103.73316481781487 1.3127432138862785 103.73199916551488
15:47,59.0,104006262,JALAN TIONG,3,B,40,1.2885446575569008 103.81522708590182 1.2894487475306688 103.81601120052828
15:47,,103001699,JALAN TUA KONG,4,E,60,1.3175305116478193 103.92525609318645 1.3178591974926868 103.92514905196315
16:11,59.0,103028636,BERWICK DRIVE,3,E,40,1.3630355316688796 103.85998640895656 1.3632841358353125 103.86048119009452
16:17,59.0,103001699,JALAN TUA KONG,3,E,40,1.3175305116478193 103.92525609318645 1.3178591974926868 103.92514905196315
16:47,59.0,103000000,KENT ROAD,3,E,40,1.3170142286123558 103.85298052044496 1.3166840028663076 103.85259882242372
16:47,19.0,103000010,BUCKLEY ROAD,1,E,0,1.3166507852203482 103.84102305136321 1.316912438354752 103.84022564204443
16:47,39.0,103000011,BUCKLEY ROAD,2,E,20,1.316912438354752 103.84022564204443 1.3166507852203482 103.84102305136321
16:47,,103000015,SHREWSBURY ROAD,4,E,60,1.318021196845699 103.84711392225324 1.3186726294030418 103.84700267615683
16:47,39.0,103000018,JALAN KORMA,2,E,20,1.3157770030138056 103.84426743639838 1.3159796416371992 103.84479180450104
16:47,59.0,103000019,JALAN KORMA,3,E,40,1.3159796416371992 103.84479180450104 1.3157770030138056 103.84426743639838
16:47,39.0,103000027,MOULMEIN RISE,2,E,20,1.3193341115607338 103.84649970636899 1.3193495076454247 103.84576595796847
16:47,19.0,103000034,LEMBU ROAD,1,E,0,1.3095165181658415 103.85444503278327 1.3102490949407017 103.85489147379481
16:47,39.0,103000055,KAY SIANG ROAD,2,E,20,1.2979363108403927 103.81139535719257 1.2977954689273836 103.81184137776128
16:47,59.0,103000063,MARTABAN ROAD,3,E,40,1.3242848711830488 103.85008775600016 1.3235238431328136 103.8508428681823
16:47,39.0,103000072,MUSCAT STREET,2,E,20,1.3020478491197238 103.85929118664532 1.3024623974822258 103.85961424505442
16:47,59.0,103000087,AMBER ROAD,3,C,40,1.3000155854751687 103.90006277560406 1.3009014346769388 103.90150591557894
16:47,59.0,103000095,JALAN TUPAI,3,E,40,1.3025271007866848 103.82774617488766 1.302018104115238 103.82687869301155
16:47,59.0,103000107,SHREWSBURY ROAD,3,E,40,1.318283897687114 103.84848967791835 1.3185208604394962 103.8497306240015
16:47,39.0,103000110,TELOK BLANGAH HEIGHTS,2,D,20,1.2771369059505562 103.81040355919788 1.277633353991097 103.80909264308315
16:47,39.0,103000111,TELOK BLANGAH HEIGHTS,2,D,20,1.277633353991097 103.80909264308315 1.2771369059505562 103.81040355919788
16:47,19.0,103000114,TELOK BLANGAH HEIGHTS,1,D,0,1.277633353991097 103.80909264308315 1.2780189431917124 103.80767112662544
16:47,39.0,103000115,TELOK BLANGAH HEIGHTS,2,D,20,1.2780189431917124 103.80767112662544 1.277633353991097 103.80909264308315
16:47,39.0,103000118,TELOK BLANGAH HEIGHTS,2,D,20,1.2765900388648779 103.81171237266507 1.276042945010033 103.81302172471231
16:47,,103000123,PAN ISLAND EXPRESSWAY,4,A,60,1.3517801862142893 103.69536755921838 1.3504385286425702 103.69440891572472
18:06,,103097367,CHOA CHU KANG AVENUE 1,4,D,60,1.3771303230124494 103.74696278147944 1.3773960570732424 103.74784899770385
18:36,19.0,103067603,COMMONWEALTH AVENUE WEST,1,B,0,1.3155700538658663 103.76502558167256 1.3146394741932022 103.76542384414495
18:42,59.0,103066446,SELETAR EXPRESSWAY,3,A,40,1.3933641470952896 103.83017614834209 1.3930461788606892 103.82850046052181
19:00,19.0,103095079,JALAN PERGAM,1,E,0,1.3429777888159506 103.96104006277909 1.3444529517840251 103.96148851121612
19:18,39.0,103066446,SELETAR EXPRESSWAY,2,A,20,1.3933641470952896 103.83017614834209 1.3930461788606892 103.82850046052181
20:18,,103089006,PIONEER ROAD NORTH,4,B,60,1.3468683821422813 103.69025703809406 1.3466193981361332 103.6903389382926
21:18,59.0,103093627,KAMPONG BUGIS,3,E,40,1.3058800726679345 103.86715785189837 1.3064149744042008 103.86600939900082
21:48,,103031346,MANDAI ROAD,4,B,60,1.4026080634287352 103.81525433456433 1.402689645719599 103.81640482532244
23:13,59.0,103000011,BUCKLEY ROAD,3,E,40,1.316912438354752 103.84022564204443 1.3166507852203482 103.84102305136321
23:13,59.0,103000014,SHREWSBURY ROAD,3,E,40,1.3186726294030418 103.84700267615683 1.318021196845699 103.84711392225324
23:13,59.0,103000027,MOULMEIN RISE,3,E,40,1.3193341115607338 103.84649970636899 1.3193495076454247 103.84576595796847
23:13,59.0,103000030,SINARAN DRIVE,3,E,40,1.3187614079491163 103.84584773223746 1.3184775003743368 103.845922903644
23:13,59.0,103000031,SINARAN DRIVE,3,E,40,1.3184775003743368 103.845922903644 1.3187614079491163 103.84584773223746
23:13,59.0,103000035,LEMBU ROAD,3,E,40,1.3102490949407017 103.85489147379481 1.3095165181658415 103.85444503278327
23:13,19.0,103000063,MARTABAN ROAD,1,E,0,1.3242848711830488 103.85008775600016 1.3235238431328136 103.8508428681823
23:13,,103000072,MUSCAT STREET,4,E,60,1.3020478491197238 103.85929118664532 1.3024623974822258 103.85961424505442
23:13,39.0,103000087,AMBER ROAD,2,C,20,1.3000155854751687 103.90006277560406 1.3009014346769388 103.90150591557894
23:13,59.0,103000090,ANG MO KIO AVENUE 4,3,C,40,1.379554969889813 103.83982137005755 1.3778764702530613 103.83969577191468
23:13,59.0,103000091,ANG MO KIO AVENUE 4,3,C,40,1.3778764702530613 103.83969577191468 1.379554969889813 103.83982137005755
23:13,39.0,103000106,SHREWSBURY ROAD,2,E,20,1.3185208604394962 103.8497306240015 1.318283897687114 103.84848967791835
23:13,39.0,103000114,TELOK BLANGAH HEIGHTS,2,D,20,1.277633353991097 103.80909264308315 1.2780189431917124 103.80767112662544
23:43,,103076063,WOODLANDS ROAD,4,B,60,1.399027473240379 103.7553182996927 1.3986609754803143 103.75518194323922
