Time,Station Id,30mins,1hour,2hours
23:54,S07,0,0,0
23:54,S101,0,0,0
23:54,S104,0,0,0
23:54,S106,0,0,0
23:54,S107,0,0,0
23:54,S108,0,0,0
23:54,S109,0,0,0
23:54,S11,0,0,0
23:54,S110,0,0,0
23:54,S112,0,0,0
23:54,S113,0,0,0
23:54,S114,0,0,0
23:54,S115,0,0,0
23:54,S116,0,0,0
23:54,S117,0,0,0
23:54,S118,0,0,0
23:54,S119,0,0,0
23:54,S120,0,0,0
23:54,S122,0,0,0
23:54,S123,0,0,0
23:54,S24,0,0,0
23:54,S33,0,0,0
23:54,S35,0,0,0
23:54,S40,0,0,0
23:54,S43,0,0,0
23:54,S44,0,0,0
23:54,S46,0,0,0
23:54,S50,0,0,0
23:54,S55,0,0,0
23:54,S60,0,0,0
23:54,S61,0,0,0
23:54,S63,0,0,0
23:54,S64,0,0,0
23:54,S66,0,0,0
23:54,S69,0,0,0
23:54,S71,0,0,0
23:54,S77,0,0,0
23:54,S78,0,0,0
23:54,S79,0,0,0
23:54,S81,0,0,0
23:54,S84,0,0,0
23:54,S88,0,0,0
23:54,S89,0,0,0
23:54,S90,0,0,0
23:54,S91,0,0,0
23:54,S92,0,0,0
23:54,S94,0,0,0
23:59,S07,0,0,0
23:59,S101,0,0,0
23:59,S104,0,0,0
23:59,S106,0,0,0
23:59,S107,0,0,0
23:59,S108,0,0,0
23:59,S109,0,0,0
23:59,S11,0,0,0
23:59,S110,0,0,0
23:59,S112,0,0,0
23:59,S113,0,0,0
23:59,S114,0,0,0
23:59,S116,0,0,0
23:59,S117,0,0,0
23:59,S118,0,0,0
23:59,S119,0,0,0
23:59,S120,0,0,0
23:59,S122,0,0,0
23:59,S123,0,0,0
23:59,S24,0,0,0
23:59,S33,0,0,0
23:59,S35,0,0,0
23:59,S40,0,0,0
23:59,S43,0,0,0
23:59,S44,0,0,0
23:59,S46,0,0,0
23:59,S50,0,0,0
23:59,S55,0,0,0
23:59,S60,0,0,0
23:59,S61,0,0,0
23:59,S63,0,0,0
23:59,S64,0,0,0
23:59,S66,0,0,0
23:59,S69,0,0,0
23:59,S71,0,0,0
23:59,S77,0,0,0
23:59,S78,0,0,0
23:59,S79,0,0,0
23:59,S81,0,0,0
23:59,S84,0,0,0
23:59,S88,0,0,0
23:59,S89,0,0,0
23:59,S90,0,0,0
23:59,S91,0,0,0
23:59,S92,0,0,0
23:59,S94,0,0,0
00:04,S07,0,0,0
00:04,S101,0,0,0
00:04,S104,0,0,0
00:04,S106,0,0,0
00:04,S107,0,0,0
00:04,S108,0,0,0
00:04,S109,0,0,0
00:04,S11,0,0,0
00:04,S110,0,0,0
00:04,S112,0,0,0
00:04,S113,0,0,0
00:04,S114,0,0,0
00:04,S116,0,0,0
00:04,S117,0,0,0
00:04,S118,0,0,0
00:04,S119,0,0,0
00:04,S120,0,0,0
00:04,S122,0,0,0
00:04,S123,0,0,0
00:04,S24,0,0,0
00:04,S33,0,0,0
00:04,S35,0,0,0
00:04,S40,0,0,0
00:04,S43,0,0,0
00:04,S44,0,0,0
00:04,S46,0,0,0
00:04,S50,0,0,0
00:04,S55,0,0,0
00:04,S60,0,0,0
00:04,S61,0,0,0
00:04,S63,0,0,0
00:04,S64,0,0,0
00:04,S66,0,0,0
00:04,S69,0,0,0
00:04,S71,0,0,0
00:04,S77,0,0,0
00:04,S78,0,0,0
00:04,S79,0,0,0
00:04,S81,0,0,0
00:04,S84,0,0,0
00:04,S88,0,0,0
00:04,S89,0,0,0
00:04,S90,0,0,0
00:04,S91,0,0,0
00:04,S92,0,0,0
00:04,S94,0,0,0
00:09,S07,0,0,0
00:09,S101,0,0,0
00:09,S104,0,0,0
00:09,S106,0,0,0
00:09,S107,0,0,0
00:09,S108,0,0,0
00:09,S109,0,0,0
00:09,S11,0,0,0
00:09,S110,0,0,0
00:09,S112,0,0,0
00:09,S113,0,0,0
00:09,S114,0,0,0
00:09,S116,0,0,0
00:09,S117,0,0,0
00:09,S118,0,0,0
00:09,S119,0,0,0
00:09,S120,0,0,0
00:09,S122,0,0,0
00:09,S123,0,0,0
00:09,S24,0,0,0
00:09,S33,0,0,0
00:09,S35,0,0,0
00:09,S40,0,0,0
00:09,S43,0,0,0
00:09,S44,0,0,0
00:09,S46,0,0,0
00:09,S50,0,0,0
00:09,S55,0,0,0
00:09,S60,0,0,0
00:09,S61,0,0,0
00:09,S63,0,0,0
00:09,S64,0,0,0
00:09,S66,0,0,0
00:09,S69,0,0,0
00:09,S71,0,0,0
00:09,S77,0,0,0
00:09,S78,0,0,0
00:09,S79,0,0,0
00:09,S81,0,0,0
00:09,S84,0,0,0
00:09,S88,0,0,0
00:09,S89,0,0,0
00:09,S90,0,0,0
00:09,S91,0,0,0
00:09,S92,0,0,0
00:09,S94,0,0,0
00:14,S07,0,0,0
00:14,S101,0,0,0
00:14,S104,0,0,0
00:14,S106,0,0,0
00:14,S107,0,0,0
00:14,S108,0,0,0
00:14,S109,0,0,0
00:14,S11,0,0,0
00:14,S110,0,0,0
00:14,S112,0,0,0
00:14,S113,0,0,0
00:14,S114,0,0,0
00:14,S116,0,0,0
00:14,S117,0,0,0
00:14,S118,0,0,0
00:14,S119,0,0,0
00:14,S120,0,0,0
00:14,S122,0,0,0
00:14,S123,0,0,0
00:14,S24,0,0,0
00:14,S33,0,0,0
00:14,S35,0,0,0
00:14,S40,0,0,0
00:14,S43,0,0,0
00:14,S44,0,0,0
00:14,S46,0,0,0
00:14,S50,0,0,0
00:14,S55,0,0,0
00:14,S60,0,0,0
00:14,S61,0,0,0
00:14,S63,0,0,0
00:14,S64,0,0,0
00:14,S66,0,0,0
00:14,S69,0,0,0
00:14,S71,0,0,0
00:14,S77,0,0,0
00:14,S78,0,0,0
00:14,S79,0,0,0
00:14,S81,0,0,0
00:14,S84,0,0,0
00:14,S88,0,0,0
00:14,S89,0,0,0
00:14,S90,0,0,0
00:14,S91,0,0,0
00:14,S92,0,0,0
00:14,S94,0,0,0
00:19,S07,0,0,0
00:19,S101,0,0,0
00:19,S104,0,0,0
00:19,S106,0,0,0
00:19,S107,0,0,0
00:19,S108,0,0,0
00:19,S109,0,0,0
00:19,S11,0,0,0
00:19,S110,0,0,0
00:19,S113,0,0,0
00:19,S114,0,0,0
00:19,S115,0,0,0
00:19,S116,0,0,0
00:19,S117,0,0,0
00:19,S118,0,0,0
00:19,S119,0,0,0
00:19,S120,0,0,0
00:19,S122,0,0,0
00:19,S123,0,0,0
00:19,S24,0,0,0
00:19,S33,0,0,0
00:19,S35,0,0,0
00:19,S40,0,0,0
00:19,S43,0,0,0
00:19,S44,0,0,0
00:19,S46,0,0,0
00:19,S50,0,0,0
00:19,S55,0,0,0
00:19,S60,0,0,0
00:19,S61,0,0,0
00:19,S63,0,0,0
00:19,S64,0,0,0
00:19,S66,0,0,0
00:19,S69,0,0,0
00:19,S71,0,0,0
00:19,S77,0,0,0
00:19,S78,0,0,0
00:19,S79,0,0,0
00:19,S81,0,0,0
00:19,S84,0,0,0
00:19,S88,0,0,0
00:19,S89,0,0,0
00:19,S90,0,0,0
00:19,S91,0,0,0
00:19,S92,0,0,0
07:04,S07,0,0,0
07:04,S101,0,0,0
07:04,S104,0,0,0
07:04,S106,0,0,0
07:04,S107,0,0,0
07:04,S108,0,0,0
07:04,S109,0,0,0
07:04,S11,0,0,0
07:04,S110,0,0,0
07:04,S112,0,0,0
07:04,S113,0,0,0
07:04,S114,0,0,0
07:04,S115,0,0,0
07:04,S116,0,0,0
07:04,S117,0,0,0
07:04,S118,0,0,0
07:04,S119,0,0,0
07:04,S120,0,0,0
07:04,S122,0,0,0
07:04,S123,0,0,0
07:04,S24,0,0,0
07:04,S33,0,0,0
07:04,S35,0,0,0
07:04,S40,0,0,0
07:04,S43,0,0,0
07:04,S44,0,0,0
07:04,S46,0,0,0
07:04,S50,0,0,0
07:04,S55,0,0,0
07:04,S60,0,0,0
07:04,S61,0,0,0
07:04,S63,0,0,0
07:04,S64,0,0,0
07:04,S66,0,0,0
07:04,S69,0,0,0
07:04,S71,0,0,0
07:04,S77,0,0,0
07:04,S78,0,0,0
07:04,S79,0,0,0
07:04,S81,0,0,0
07:04,S84,0,0,0
07:04,S88,0,0,0
07:04,S89,0,0,0
07:04,S90,0.2,0.2,0.2
07:04,S91,0,0,0
07:04,S92,0,0,0
07:04,S94,0,0,0
07:09,S07,0,0,0
07:09,S101,0,0,0
07:09,S104,0,0,0
07:09,S106,0,0,0
07:09,S107,0,0,0
07:09,S108,0,0,0
07:09,S109,0,0,0
07:09,S11,0,0,0
07:09,S110,0,0,0
07:09,S112,0,0,0
07:09,S113,0,0,0
07:09,S114,0,0,0
07:09,S115,0,0,0
07:09,S116,0,0,0
07:09,S117,0,0,0
07:09,S118,0,0,0
07:09,S119,0,0,0
07:09,S120,0,0,0
07:09,S122,0,0,0
07:09,S123,0,0,0
07:09,S24,0,0,0
07:09,S33,0,0,0
07:09,S35,0,0,0
07:09,S40,0,0,0
07:09,S43,0,0,0
07:09,S44,0,0,0
07:09,S46,0,0,0
07:09,S50,0,0,0
07:09,S55,0,0,0
07:09,S60,0,0,0
07:09,S61,0,0,0
07:09,S63,0,0,0
07:09,S64,0,0,0
07:09,S66,0,0,0
07:09,S69,0,0,0
07:09,S71,0,0,0
07:09,S77,0,0,0
07:09,S78,0,0,0
07:09,S79,0,0,0
07:09,S81,0,0,0
07:09,S84,0,0,0
07:09,S88,0,0,0
07:09,S89,0,0,0
07:09,S90,0.2,0.2,0.2
07:09,S91,0,0,0
07:09,S92,0,0,0
07:09,S94,0,0,0
07:14,S07,0,0,0
07:14,S101,0,0,0
07:14,S104,0,0,0
07:14,S106,0,0,0
07:14,S107,0,0,0
07:14,S108,0,0,0
07:14,S109,0,0,0
07:14,S11,0,0,0
07:14,S110,0,0,0
07:14,S112,0,0,0
07:14,S113,0,0,0
07:14,S114,0,0,0
07:14,S115,0,0,0
07:14,S116,0,0,0
07:14,S117,0,0,0
07:14,S118,0,0,0
07:14,S119,0,0,0
07:14,S120,0,0,0
07:14,S122,0,0,0
07:14,S123,0,0,0
07:14,S24,0,0,0
07:14,S33,0,0,0
07:14,S35,0,0,0
07:14,S40,0,0,0
07:14,S43,0,0,0
07:14,S44,0,0,0
07:14,S46,0,0,0
07:14,S50,0,0,0
07:14,S55,0,0,0
07:14,S60,0,0,0
07:14,S61,0,0,0
07:14,S63,0,0,0
07:14,S64,0,0,0
07:14,S66,0,0,0
07:14,S69,0,0,0
07:14,S71,0,0,0
07:14,S77,0,0,0
07:14,S78,0,0,0
07:14,S79,0,0,0
07:14,S81,0,0,0
07:14,S84,0,0,0
07:14,S88,0,0,0
07:14,S89,0,0,0
07:14,S90,0.2,0.2,0.2
07:14,S91,0,0,0
07:14,S92,0,0,0
07:14,S94,0,0,0
07:19,S07,0,0,0
07:19,S101,0,0,0
07:19,S104,0,0,0
07:19,S106,0,0,0
07:19,S107,0,0,0
07:19,S108,0,0,0
07:19,S109,0,0,0
07:19,S11,0,0,0
07:19,S110,0,0,0
07:19,S112,0,0,0
07:19,S113,0,0,0
07:19,S114,0,0,0
07:19,S115,0,0,0
07:19,S116,0,0,0
07:19,S117,0,0,0
07:19,S118,0,0,0
07:19,S119,0,0,0
07:19,S120,0,0,0
07:19,S122,0,0,0
07:19,S123,0,0,0
07:19,S24,0,0,0
07:19,S33,0,0,0
07:19,S35,0,0,0
07:19,S40,0,0,0
07:19,S43,0,0,0
07:19,S44,0,0,0
07:19,S46,0,0,0
07:19,S50,0,0,0
07:19,S55,0,0,0
07:19,S60,0,0,0
07:19,S61,0,0,0
07:19,S63,0,0,0
07:19,S64,0,0,0
07:19,S66,0,0,0
07:19,S69,0,0,0
07:19,S71,0,0,0
07:19,S77,0,0,0
07:19,S78,0,0,0
07:19,S79,0,0,0
07:19,S81,0,0,0
07:19,S84,0,0,0
07:19,S88,0,0,0
07:19,S89,0,0,0
07:19,S90,0.2,0.2,0.2
07:19,S91,0,0,0
07:19,S92,0,0,0
07:19,S94,0,0,0
07:24,S07,0,0,0
07:24,S101,0,0,0
07:24,S104,0,0,0
07:24,S106,0,0,0
07:24,S107,0,0,0
07:24,S108,0,0,0
07:24,S109,0,0,0
07:24,S11,0,0,0
07:24,S110,0,0,0
07:24,S112,0,0,0
07:24,S113,0,0,0
07:24,S114,0,0,0
07:24,S115,0,0,0
07:24,S116,0,0,0
07:24,S117,0,0,0
07:24,S118,0,0,0
07:24,S119,0,0,0
07:24,S120,0,0,0
07:24,S122,0,0,0
07:24,S123,0,0,0
07:24,S24,0,0,0
07:24,S33,0,0,0
07:24,S35,0,0,0
07:24,S40,0,0,0
07:24,S43,0,0,0
07:24,S44,0,0,0
07:24,S46,0,0,0
07:24,S50,0,0,0
07:24,S55,0,0,0
07:24,S60,0,0,0
07:24,S61,0,0,0
07:24,S63,0,0,0
07:24,S64,0,0,0
07:24,S66,0,0,0
07:24,S69,0,0,0
07:24,S71,0,0,0
07:24,S77,0,0,0
07:24,S78,0,0,0
07:24,S79,0,0,0
07:24,S81,0,0,0
07:24,S84,0,0,0
07:24,S88,0,0,0
07:24,S89,0,0,0
07:24,S90,0.2,0.2,0.2
07:24,S91,0,0,0
07:24,S92,0,0,0
07:24,S94,0,0,0
07:29,S07,0,0,0
07:29,S101,0,0,0
07:29,S104,0,0,0
07:29,S106,0,0,0
07:29,S107,0,0,0
07:29,S108,0,0,0
07:29,S109,0,0,0
07:29,S11,0,0,0
07:29,S110,0,0,0
07:29,S112,0,0,0
07:29,S113,0,0,0
07:29,S114,0,0,0
07:29,S115,0,0,0
07:29,S116,0,0,0
07:29,S117,0,0,0
07:29,S118,0,0,0
07:29,S119,0,0,0
07:29,S120,0,0,0
07:29,S122,0,0,0
07:29,S123,0,0,0
07:29,S24,0,0,0
07:29,S33,0,0,0
07:29,S35,0,0,0
07:29,S40,0,0,0
07:29,S43,0,0,0
07:29,S44,0,0,0
07:29,S46,0,0,0
07:29,S50,0,0,0
07:29,S55,0,0,0
07:29,S60,0,0,0
07:29,S61,0,0,0
07:29,S63,0,0,0
07:29,S64,0,0,0
07:29,S66,0,0,0
07:29,S69,0,0,0
07:29,S71,0,0,0
07:29,S77,0,0,0
07:29,S78,0,0,0
07:29,S79,0,0,0
07:29,S81,0,0,0
07:29,S84,0,0,0
07:29,S88,0,0,0
07:29,S89,0,0,0
07:29,S90,0.2,0.2,0.2
07:29,S91,0,0,0
07:29,S92,0,0,0
07:29,S94,0,0,0
07:34,S07,0,0,0
07:34,S101,0,0,0
07:34,S104,0,0,0
07:34,S106,0,0,0
07:34,S107,0,0,0
07:34,S108,0,0,0
07:34,S109,0,0,0
07:34,S11,0,0,0
07:34,S110,0,0,0
07:34,S112,0,0,0
07:34,S113,0,0,0
07:34,S114,0,0,0
07:34,S115,0,0,0
07:34,S116,0,0,0
07:34,S117,0,0,0
07:34,S118,0,0,0
07:34,S119,0,0,0
07:34,S120,0,0,0
07:34,S122,0,0,0
07:34,S123,0,0,0
07:34,S24,0,0,0
07:34,S33,0,0,0
07:34,S35,0,0,0
07:34,S40,0,0,0
07:34,S43,0,0,0
07:34,S44,0,0,0
07:34,S46,0,0,0
07:34,S50,0,0,0
07:34,S55,0,0,0
07:34,S60,0,0,0
07:34,S61,0,0,0
07:34,S63,0,0,0
07:34,S64,0,0,0
07:34,S66,0,0,0
07:34,S69,0,0,0
07:34,S71,0,0,0
07:34,S77,0,0,0
07:34,S78,0,0,0
07:34,S79,0,0,0
07:34,S81,0,0,0
07:34,S84,0,0,0
07:34,S88,0,0,0
07:34,S89,0,0,0
07:34,S90,0,0,0
07:34,S91,0,0,0
07:34,S92,0,0,0
07:34,S94,0,0,0
07:39,S07,0,0,0
07:39,S101,0,0,0
07:39,S104,0,0,0
07:39,S106,0,0,0
07:39,S107,0,0,0
07:39,S108,0,0,0
07:39,S109,0,0,0
07:39,S11,0,0,0
07:39,S110,0,0,0
07:39,S112,0,0,0
07:39,S113,0,0,0
07:39,S114,0,0,0
07:39,S115,0,0,0
07:39,S116,0,0,0
07:39,S117,0,0,0
07:39,S118,0,0,0
07:39,S119,0,0,0
07:39,S120,0,0,0
07:39,S122,0,0,0
07:39,S123,0,0,0
07:39,S24,0,0,0
07:39,S33,0,0,0
07:39,S35,0,0,0
07:39,S40,0,0,0
07:39,S43,0,0,0
07:39,S44,0,0,0
07:39,S46,0,0,0
07:39,S50,0,0,0
07:39,S55,0,0,0
07:39,S60,0,0,0
07:39,S61,0,0,0
07:39,S63,0,0,0
07:39,S64,0,0,0
07:39,S66,0,0,0
07:39,S69,0,0,0
07:39,S71,0,0,0
07:39,S77,0,0,0
07:39,S78,0,0,0
07:39,S79,0,0,0
07:39,S81,0,0,0
07:39,S84,0,0,0
07:39,S88,0,0,0
07:39,S89,0,0,0
07:39,S90,0,0.2,0.2
07:39,S91,0,0,0
07:39,S92,0,0,0
07:39,S94,0,0,0
07:44,S07,0,0,0
07:44,S101,0,0,0
07:44,S104,0,0,0
07:44,S106,0,0,0
07:44,S107,0,0,0
07:44,S108,0,0,0
07:44,S109,0,0,0
07:44,S11,0,0,0
07:44,S110,0,0,0
07:44,S112,0,0,0
07:44,S113,0,0,0
07:44,S114,0,0,0
07:44,S115,0,0,0
07:44,S116,0,0,0
07:44,S117,0,0,0
07:44,S118,0,0,0
07:44,S119,0,0,0
07:44,S120,0,0,0
07:44,S122,0,0,0
07:44,S123,0,0,0
07:44,S24,0,0,0
07:44,S33,0,0,0
07:44,S35,0,0,0
07:44,S40,0,0,0
07:44,S43,0,0,0
07:44,S44,0,0,0
07:44,S46,0,0,0
07:44,S50,0,0,0
07:44,S55,0,0,0
07:44,S60,0,0,0
07:44,S61,0,0,0
07:44,S63,0,0,0
07:44,S64,0,0,0
07:44,S66,0,0,0
07:44,S69,0,0,0
07:44,S71,0,0,0
07:44,S77,0,0,0
07:44,S78,0,0,0
07:44,S79,0,0,0
07:44,S81,0,0,0
07:44,S84,0,0,0
07:44,S88,0,0,0
07:44,S89,0,0,0
07:44,S90,0,0,0.2
07:44,S91,0,0,0
07:44,S92,0,0,0
07:44,S94,0,0,0
07:54,S07,0,0,0
07:54,S101,0,0,0
07:54,S104,0,0,0
07:54,S106,0,0,0
07:54,S107,0,0,0
07:54,S108,0,0,0
07:54,S109,0,0,0
07:54,S11,0,0,0
07:54,S110,0,0,0
07:54,S112,0,0,0
07:54,S113,0,0,0
07:54,S114,0,0,0
07:54,S115,0,0,0
07:54,S116,0,0,0
07:54,S117,0,0,0
07:54,S118,0,0,0
07:54,S119,0,0,0
07:54,S120,0,0,0
07:54,S122,0,0,0
07:54,S123,0,0,0
07:54,S24,0,0,0
07:54,S33,0,0,0
07:54,S35,0,0,0
07:54,S40,0,0,0
07:54,S43,0,0,0
07:54,S44,0,0,0
07:54,S46,0,0,0
07:54,S50,0,0,0
07:54,S55,0,0,0
07:54,S60,0,0,0
07:54,S61,0,0,0
07:54,S63,0,0,0
07:54,S64,0,0,0
07:54,S66,0,0,0
07:54,S69,0,0,0
07:54,S71,0,0,0
07:54,S77,0,0,0
07:54,S78,0,0,0
07:54,S79,0,0,0
07:54,S81,0,0,0
07:54,S84,0,0,0
07:54,S88,0,0,0
07:54,S89,0,0,0
07:54,S90,0,0.2,0.2
07:54,S91,0,0,0
07:54,S92,0,0,0
07:54,S94,0,0,0
07:59,S07,0,0,0
07:59,S101,0,0,0
07:59,S104,0,0,0
07:59,S107,0,0,0
07:59,S109,0,0,0
07:59,S11,0,0,0
07:59,S110,0,0,0
07:59,S112,0,0,0
07:59,S113,0,0,0
07:59,S114,0,0,0
07:59,S115,0,0,0
07:59,S118,0,0,0
07:59,S119,0,0,0
07:59,S120,0,0,0
07:59,S122,0,0,0
07:59,S123,0,0,0
07:59,S33,0,0,0
07:59,S35,0,0,0
07:59,S40,0,0,0
07:59,S43,0,0,0
07:59,S44,0,0,0
07:59,S46,0,0,0
07:59,S50,0,0,0
07:59,S55,0,0,0
07:59,S61,0,0,0
07:59,S63,0,0,0
07:59,S64,0,0,0
07:59,S66,0,0,0
07:59,S69,0,0,0
07:59,S71,0,0,0
07:59,S77,0,0,0
07:59,S78,0,0,0
07:59,S79,0,0,0
07:59,S81,0,0,0
07:59,S84,0,0,0
07:59,S88,0,0,0
07:59,S89,0,0,0
07:59,S90,0,0,0.2
07:59,S91,0,0,0
07:59,S92,0,0,0
07:59,S94,0,0,0
08:04,S07,0,0,0
08:04,S101,0,0,0
08:04,S104,0,0,0
08:04,S106,0,0,0
08:04,S107,0,0,0
08:04,S108,0,0,0
08:04,S109,0,0,0
08:04,S11,0,0,0
08:04,S110,0,0,0
08:04,S112,0,0,0
08:04,S113,0,0,0
08:04,S114,0,0,0
08:04,S115,0,0,0
08:04,S116,0,0,0
08:04,S117,0,0,0
08:04,S118,0,0,0
08:04,S119,0,0,0
08:04,S120,0,0,0
08:04,S122,0,0,0
08:04,S123,0,0,0
08:04,S24,0,0,0
08:04,S33,0,0,0
08:04,S35,0,0,0
08:04,S40,0,0,0
08:04,S43,0,0,0
08:04,S44,0,0,0
08:04,S46,0,0,0
08:04,S50,0,0,0
08:04,S55,0,0,0
08:04,S60,0,0,0
08:04,S61,0,0,0
08:04,S63,0,0,0
08:04,S64,0,0,0
08:04,S66,0,0,0
08:04,S69,0,0,0
08:04,S71,0,0,0
08:04,S77,0,0,0
08:04,S78,0,0,0
08:04,S79,0,0,0
08:04,S81,0,0,0
08:04,S84,0,0,0
08:04,S88,0,0,0
08:04,S89,0,0,0
08:04,S90,0,0,0
08:04,S91,0,0,0
08:04,S92,0,0,0
08:04,S94,0,0,0
08:09,S07,0,0,0
08:09,S101,0,0,0
08:09,S104,0,0,0
08:09,S106,0,0,0
08:09,S107,0,0,0
08:09,S108,0,0,0
08:09,S109,0,0,0
08:09,S11,0,0,0
08:09,S110,0,0,0
08:09,S112,0,0,0
08:09,S113,0,0,0
08:09,S114,0,0,0
08:09,S115,0,0,0
08:09,S116,0,0,0
08:09,S117,0,0,0
08:09,S118,0,0,0
08:09,S119,0,0,0
08:09,S120,0,0,0
08:09,S122,0,0,0
08:09,S123,0,0,0
08:09,S24,0,0,0
08:09,S33,0,0,0
08:09,S35,0,0,0
08:09,S40,0,0,0
08:09,S43,0,0,0
08:09,S44,0,0,0
08:09,S46,0,0,0
08:09,S50,0,0,0
08:09,S55,0,0,0
08:09,S60,0,0,0
08:09,S61,0,0,0
08:09,S63,0,0,0
08:09,S64,0,0,0
08:09,S66,0,0,0
08:09,S69,0,0,0
08:09,S71,0,0,0
08:09,S77,0,0,0
08:09,S78,0,0,0
08:09,S79,0,0,0
08:09,S81,0,0,0
08:09,S84,0,0,0
08:09,S88,0,0,0
08:09,S89,0,0,0
08:09,S90,0,0,0
08:09,S91,0,0,0
08:09,S92,0,0,0
08:09,S94,0,0,0
08:14,S07,0,0,0
08:14,S101,0,0,0
08:14,S104,0,0,0
08:14,S106,0,0,0
08:14,S107,0,0,0
08:14,S108,0,0,0
08:14,S109,0,0,0
08:14,S11,0,0,0
08:14,S110,0,0,0
08:14,S112,0,0,0
08:14,S113,0,0,0
08:14,S114,0,0,0
08:14,S115,0,0,0
08:14,S116,0,0,0
08:14,S117,0,0,0
08:14,S118,0,0,0
08:14,S119,0,0,0
08:14,S120,0,0,0
08:14,S122,0,0,0
08:14,S123,0,0,0
08:14,S24,0,0,0
08:14,S33,0,0,0
08:14,S35,0,0,0
08:14,S40,0,0,0
08:14,S43,0,0,0
08:14,S44,0,0,0
08:14,S46,0,0,0
08:14,S50,0,0,0
08:14,S55,0,0,0
08:14,S60,0,0,0
08:14,S61,0,0,0
08:14,S63,0,0,0
08:14,S64,0,0,0
08:14,S66,0,0,0
08:14,S69,0,0,0
08:14,S77,0,0,0
08:14,S78,0,0,0
08:14,S79,0,0,0
08:14,S81,0,0,0
08:14,S84,0,0,0
08:14,S88,0,0,0
08:14,S89,0,0,0
08:14,S90,0,0,0
08:14,S91,0,0,0
08:14,S92,0,0,0
08:14,S94,0,0,0
08:19,S07,0,0,0
08:19,S101,0,0,0
08:19,S104,0,0,0
08:19,S107,0,0,0
08:19,S108,0,0,0
08:19,S109,0,0,0
08:19,S11,0,0,0
08:19,S110,0,0,0
08:19,S112,0,0,0
08:19,S113,0,0,0
08:19,S114,0,0,0
08:19,S115,0,0,0
08:19,S116,0,0,0
08:19,S117,0,0,0
08:19,S118,0,0,0
08:19,S119,0,0,0
08:19,S120,0,0,0
08:19,S122,0,0,0
08:19,S123,0,0,0
08:19,S24,0,0,0
08:19,S33,0,0,0
08:19,S35,0,0,0
08:19,S40,0,0,0
08:19,S43,0,0,0
08:19,S44,0,0,0
08:19,S46,0,0,0
08:19,S50,0,0,0
08:19,S55,0,0,0
08:19,S60,0,0,0
08:19,S61,0,0,0
08:19,S63,0,0,0
08:19,S64,0,0,0
08:19,S66,0,0,0
08:19,S69,0,0,0
08:19,S71,0,0,0
08:19,S77,0,0,0
08:19,S78,0,0,0
08:19,S79,0,0,0
08:19,S81,0,0,0
08:19,S84,0,0,0
08:19,S88,0,0,0
08:19,S89,0,0,0
08:19,S90,0,0,0.2
08:19,S91,0,0,0
08:19,S92,0,0,0
08:19,S94,0,0,0
08:24,S07,0,0,0
08:24,S101,0,0,0
08:24,S104,0,0,0
08:24,S107,0,0,0
08:24,S108,0,0,0
08:24,S109,0,0,0
08:24,S11,0,0,0
08:24,S110,0,0,0
08:24,S112,0,0,0
08:24,S113,0,0,0
08:24,S114,0,0,0
08:24,S115,0,0,0
08:24,S116,0,0,0
08:24,S117,0,0,0
08:24,S118,0,0,0
08:24,S119,0,0,0
08:24,S120,0,0,0
08:24,S122,0,0,0
08:24,S123,0,0,0
08:24,S24,0,0,0
08:24,S33,0,0,0
08:24,S35,0,0,0
08:24,S40,0,0,0
08:24,S43,0,0,0
08:24,S44,0,0,0
08:24,S46,0,0,0
08:24,S50,0,0,0
08:24,S55,0,0,0
08:24,S60,0,0,0
08:24,S61,0,0,0
08:24,S63,0,0,0
08:24,S64,0,0,0
08:24,S66,0,0,0
08:24,S69,0,0,0
08:24,S77,0,0,0
08:24,S78,0,0,0
08:24,S79,0,0,0
08:24,S81,0,0,0
08:24,S84,0,0,0
08:24,S88,0,0,0
08:24,S89,0,0,0
08:24,S90,0,0,0
08:24,S91,0,0,0
08:24,S92,0,0,0
08:24,S94,0,0,0
08:29,S07,0,0,0
08:29,S101,0,0,0
08:29,S104,0,0,0
08:29,S107,0,0,0
08:29,S108,0,0,0
08:29,S109,0,0,0
08:29,S11,0,0,0
08:29,S110,0,0,0
08:29,S112,0,0,0
08:29,S113,0,0,0
08:29,S114,0,0,0
08:29,S115,0,0,0
08:29,S116,0,0,0
08:29,S117,0,0,0
08:29,S118,0.2,0.2,0.2
08:29,S119,0,0,0
08:29,S120,0,0,0
08:29,S122,0,0,0
08:29,S123,0,0,0
08:29,S24,0,0,0
08:29,S33,0,0,0
08:29,S35,0,0,0
08:29,S40,0,0,0
08:29,S43,0,0,0
08:29,S44,0,0,0
08:29,S46,0,0,0
08:29,S50,0,0,0
08:29,S55,0,0,0
08:29,S60,0,0,0
08:29,S61,0,0,0
08:29,S63,0,0,0
08:29,S64,0,0,0
08:29,S66,0,0,0
08:29,S69,0,0,0
08:29,S77,0,0,0
08:29,S78,0,0,0
08:29,S79,0,0,0
08:29,S81,0,0,0
08:29,S84,0,0,0
08:29,S88,0,0,0
08:29,S89,0,0,0
08:29,S90,0,0,0.2
08:29,S91,0,0,0
08:29,S92,0,0,0
08:29,S94,0,0,0
08:34,S07,0,0,0
08:34,S101,0,0,0
08:34,S104,0,0,0
08:34,S107,0,0,0
08:34,S108,0,0,0
08:34,S109,0,0,0
08:34,S11,0,0,0
08:34,S110,0,0,0
08:34,S112,0,0,0
08:34,S113,0,0,0
08:34,S114,0,0,0
08:34,S115,0,0,0
08:34,S116,0,0,0
08:34,S117,0,0,0
08:34,S118,0.2,0.2,0.2
08:34,S119,0,0,0
08:34,S120,0,0,0
08:34,S122,0,0,0
08:34,S123,0,0,0
08:34,S24,0,0,0
08:34,S33,0,0,0
08:34,S35,0,0,0
08:34,S40,0,0,0
08:34,S43,0,0,0
08:34,S44,0,0,0
08:34,S46,0,0,0
08:34,S50,0,0,0
08:34,S55,0,0,0
08:34,S60,0,0,0
08:34,S61,0,0,0
08:34,S63,0,0,0
08:34,S64,0,0,0
08:34,S66,0,0,0
08:34,S69,0,0,0
08:34,S71,0,0,0
08:34,S77,0,0,0
08:34,S78,0,0,0
08:34,S79,0,0,0
08:34,S81,0,0,0
08:34,S84,0,0,0
08:34,S88,0,0,0
08:34,S89,0,0,0
08:34,S90,0,0,0.2
08:34,S91,0,0,0
08:34,S92,0,0,0
08:34,S94,0,0,0
08:39,S07,0,0,0
08:39,S101,0,0,0
08:39,S104,0,0,0
08:39,S106,0,0,0
08:39,S107,0,0,0
08:39,S108,0,0,0
08:39,S109,0,0,0
08:39,S11,0,0,0
08:39,S110,0,0,0
08:39,S112,0,0,0
08:39,S113,0,0,0
08:39,S114,0,0,0
08:39,S115,0,0,0
08:39,S116,0,0,0
08:39,S117,0,0,0
08:39,S118,0.2,0.2,0.2
08:39,S119,0,0,0
08:39,S120,0,0,0
08:39,S122,0,0,0
08:39,S123,0,0,0
08:39,S24,0,0,0
08:39,S33,0,0,0
08:39,S35,0,0,0
08:39,S40,0,0,0
08:39,S43,0,0,0
08:39,S44,0,0,0
08:39,S46,0,0,0
08:39,S50,0,0,0
08:39,S55,0,0,0
08:39,S60,0,0,0
08:39,S61,0,0,0
08:39,S63,0,0,0
08:39,S64,0,0,0
08:39,S66,0,0,0
08:39,S69,0,0,0
08:39,S71,0,0,0
08:39,S77,0,0,0
08:39,S78,0,0,0
08:39,S79,0,0,0
08:39,S81,0,0,0
08:39,S84,0,0,0
08:39,S88,0,0,0
08:39,S89,0,0,0
08:39,S90,0,0,0.2
08:39,S91,0,0,0
08:39,S92,0,0,0
08:39,S94,0,0,0
21:24,S07,0,0,0
21:24,S101,0,0,0
21:24,S104,0,0,0
21:24,S106,0,0,0
21:24,S107,0,0,0
21:24,S108,0,0,0
21:24,S109,0,0,0
21:24,S11,0,0,0
21:24,S110,0,0,0
21:24,S112,0,0,0
21:24,S113,0,0,0
21:24,S114,0,0,0
21:24,S116,0,0,0
21:24,S117,0,0,0
21:24,S118,0,0,0
21:24,S119,0,0,0
21:24,S120,0,0,0
21:24,S122,0,0,0
21:24,S123,0,0,0
21:24,S24,0,0,0
21:24,S33,0,0,0
21:24,S35,0,0,0
21:24,S40,0,0,0
21:24,S43,0,0,0
21:24,S44,0,0,0
21:24,S46,0,0,0
21:24,S50,0,0,0
21:24,S55,0,0,0
21:24,S60,0,0,0
21:24,S61,0,0,0
21:24,S63,0,0,0
21:24,S64,0,0,0
21:24,S66,0,0,0
21:24,S77,0,0,0
21:24,S78,0,0,0
21:24,S79,0,0,0
21:24,S81,0,0,0
21:24,S84,0,0,0
21:24,S88,0,0,0
21:24,S89,0,0,0
21:24,S90,0,0,0
21:24,S91,0,0,0
21:24,S92,0,0,0
21:24,S94,0,0,0
21:29,S07,0,0,0
21:29,S101,0,0,0
21:29,S104,0,0,0
21:29,S106,0,0,0
21:29,S107,0,0,0
21:29,S108,0,0,0
21:29,S109,0,0,0
21:29,S11,0,0,0
21:29,S110,0,0,0
21:29,S112,0,0,0
21:29,S113,0,0,0
21:29,S114,0,0,0
21:29,S116,0,0,0
21:29,S117,0,0,0
21:29,S118,0,0,0
21:29,S119,0,0,0
21:29,S120,0,0,0
21:29,S122,0,0,0
21:29,S123,0,0,0
21:29,S24,0,0,0
21:29,S33,0,0,0
21:29,S35,0,0,0
21:29,S40,0,0,0
21:29,S43,0,0,0
21:29,S44,0,0,0
21:29,S46,0,0,0
21:29,S50,0,0,0
21:29,S55,0,0,0
21:29,S60,0,0,0
21:29,S61,0,0,0
21:29,S63,0,0,0
21:29,S64,0,0,0
21:29,S66,0,0,0
21:29,S71,0,0,0
21:29,S77,0,0,0
21:29,S78,0,0,0
21:29,S79,0,0,0
21:29,S81,0,0,0
21:29,S84,0,0,0
21:29,S88,0,0,0
21:29,S89,0,0,0
21:29,S90,0,0,0
21:29,S91,0,0,0
21:29,S92,0,0,0
21:29,S94,0,0,0
21:34,S07,0,0,0
21:34,S101,0,0,0
21:34,S104,0,0,0
21:34,S106,0,0,0
21:34,S107,0,0,0
21:34,S108,0,0,0
21:34,S109,0,0,0
21:34,S11,0,0,0
21:34,S110,0,0,0
21:34,S112,0,0,0
21:34,S113,0,0,0
21:34,S114,0,0,0
21:34,S116,0,0,0
21:34,S117,0,0,0
21:34,S118,0,0,0
21:34,S119,0,0,0
21:34,S120,0,0,0
21:34,S122,0,0,0
21:34,S123,0,0,0
21:34,S24,0,0,0
21:34,S33,0,0,0
21:34,S35,0,0,0
21:34,S40,0,0,0
21:34,S43,0,0,0
21:34,S44,0,0,0
21:34,S46,0,0,0
21:34,S50,0,0,0
21:34,S55,0,0,0
21:34,S60,0,0,0
21:34,S61,0,0,0
21:34,S63,0,0,0
21:34,S64,0,0,0
21:34,S66,0,0,0
21:34,S71,0,0,0
21:34,S77,0,0,0
21:34,S78,0,0,0
21:34,S79,0,0,0
21:34,S81,0,0,0
21:34,S84,0,0,0
21:34,S88,0,0,0
21:34,S89,0,0,0
21:34,S90,0,0,0
21:34,S91,0,0,0
21:34,S92,0,0,0
21:34,S94,0,0,0
21:39,S07,0,0,0
21:39,S101,0,0,0
21:39,S104,0,0,0
21:39,S106,0,0,0
21:39,S107,0,0,0
21:39,S108,0,0,0
21:39,S109,0,0,0
21:39,S11,0,0,0
21:39,S110,0,0,0
21:39,S112,0,0,0
21:39,S113,0,0,0
21:39,S114,0,0,0
21:39,S116,0,0,0
21:39,S117,0,0,0
21:39,S118,0,0,0
21:39,S119,0,0,0
21:39,S120,0,0,0
21:39,S122,0,0,0
21:39,S123,0,0,0
21:39,S24,0,0,0
21:39,S33,0,0,0
21:39,S35,0,0,0
21:39,S40,0,0,0
21:39,S43,0,0,0
21:39,S44,0,0,0
21:39,S46,0,0,0
21:39,S50,0,0,0
21:39,S55,0,0,0
21:39,S60,0,0,0
21:39,S61,0,0,0
21:39,S63,0,0,0
21:39,S64,0,0,0
21:39,S66,0,0,0
21:39,S71,0,0,0
21:39,S77,0,0,0
21:39,S78,0,0,0
21:39,S79,0,0,0
21:39,S81,0,0,0
21:39,S84,0,0,0
21:39,S88,0,0,0
21:39,S89,0,0,0
21:39,S90,0,0,0
21:39,S91,0,0,0
21:39,S92,0,0,0
21:39,S94,0,0,0
21:44,S07,0,0,0
21:44,S101,0,0,0
21:44,S104,0,0,0
21:44,S106,0,0,0
21:44,S107,0,0,0
21:44,S108,0,0,0
21:44,S109,0,0,0
21:44,S11,0,0,0
21:44,S110,0,0,0
21:44,S112,0,0,0
21:44,S113,0,0,0
21:44,S114,0,0,0
21:44,S116,0,0,0
21:44,S117,0,0,0
21:44,S118,0,0,0
21:44,S119,0,0,0
21:44,S120,0,0,0
21:44,S122,0,0,0
21:44,S123,0,0,0
21:44,S24,0,0,0
21:44,S33,0,0,0
21:44,S35,0,0,0
21:44,S40,0,0,0
21:44,S43,0,0,0
21:44,S44,0,0,0
21:44,S46,0,0,0
21:44,S50,0,0,0
21:44,S55,0,0,0
21:44,S60,0,0,0
21:44,S61,0,0,0
21:44,S63,0,0,0
21:44,S64,0,0,0
21:44,S66,0,0,0
21:44,S71,0,0,0
21:44,S77,0,0,0
21:44,S78,0,0,0
21:44,S79,0,0,0
21:44,S81,0,0,0
21:44,S84,0,0,0
21:44,S88,0,0,0
21:44,S89,0,0,0
21:44,S90,0,0,0
21:44,S91,0,0,0
21:44,S92,0,0,0
21:44,S94,0,0,0
21:49,S07,0,0,0
21:49,S101,0,0,0
21:49,S104,0,0,0
21:49,S106,0,0,0
21:49,S107,0,0,0
21:49,S108,0,0,0
21:49,S109,0,0,0
21:49,S11,0,0,0
21:49,S110,0,0,0
21:49,S112,0,0,0
21:49,S113,0,0,0
21:49,S114,0,0,0
21:49,S115,0,0,0
21:49,S116,0,0,0
21:49,S117,0,0,0
21:49,S118,0,0,0
21:49,S119,0,0,0
21:49,S120,0,0,0
21:49,S122,0,0,0
21:49,S123,0,0,0
21:49,S24,0,0,0
21:49,S33,0,0,0
21:49,S35,0,0,0
21:49,S40,0,0,0
21:49,S43,0,0,0
21:49,S44,0,0,0
21:49,S46,0,0,0
21:49,S50,0,0,0
21:49,S55,0,0,0
21:49,S60,0,0,0
21:49,S61,0,0,0
21:49,S63,0,0,0
21:49,S64,0,0,0
21:49,S66,0,0,0
21:49,S71,0,0,0
21:49,S77,0,0,0
21:49,S78,0,0,0
21:49,S79,0,0,0
21:49,S81,0,0,0
21:49,S84,0,0,0
21:49,S88,0,0,0
21:49,S89,0,0,0
21:49,S90,0,0,0
21:49,S91,0,0,0
21:49,S92,0,0,0
21:49,S94,0,0,0
21:54,S07,0,0,0
21:54,S101,0,0,0
21:54,S104,0,0,0
21:54,S106,0,0,0
21:54,S107,0,0,0
21:54,S108,0,0,0
21:54,S109,0,0,0
21:54,S11,0,0,0
21:54,S110,0,0,0
21:54,S112,0,0,0
21:54,S113,0,0,0
21:54,S114,0,0,0
21:54,S115,0,0,0
21:54,S116,0,0,0
21:54,S117,0,0,0
21:54,S118,0,0,0
21:54,S119,0,0,0
21:54,S120,0,0,0
21:54,S122,0,0,0
21:54,S123,0,0,0
21:54,S24,0,0,0
21:54,S33,0,0,0
21:54,S35,0,0,0
21:54,S40,0,0,0
21:54,S43,0,0,0
21:54,S44,0,0,0
21:54,S46,0,0,0
21:54,S50,0,0,0
21:54,S55,0,0,0
21:54,S60,0,0,0
21:54,S61,0,0,0
21:54,S63,0,0,0
21:54,S64,0,0,0
21:54,S66,0,0,0
21:54,S71,0,0,0
21:54,S77,0,0,0
21:54,S78,0,0,0
21:54,S79,0,0,0
21:54,S81,0,0,0
21:54,S84,0,0,0
21:54,S88,0,0,0
21:54,S89,0,0,0
21:54,S90,0,0,0
21:54,S91,0,0,0
21:54,S92,0,0,0
21:54,S94,0,0,0
21:59,S07,0,0,0
21:59,S101,0,0,0
21:59,S104,0,0,0
21:59,S106,0,0,0
21:59,S107,0,0,0
21:59,S108,0,0,0
21:59,S109,0,0,0
21:59,S11,0,0,0
21:59,S110,0,0,0
21:59,S112,0,0,0
21:59,S113,0,0,0
21:59,S114,0,0,0
21:59,S116,0,0,0
21:59,S117,0,0,0
21:59,S118,0,0,0
21:59,S119,0,0,0
21:59,S120,0,0,0
21:59,S122,0,0,0
21:59,S123,0,0,0
21:59,S24,0,0,0
21:59,S33,0,0,0
21:59,S35,0,0,0
21:59,S40,0,0,0
21:59,S43,0,0,0
21:59,S44,0,0,0
21:59,S46,0,0,0
21:59,S50,0,0,0
21:59,S55,0,0,0
21:59,S60,0,0,0
21:59,S61,0,0,0
21:59,S63,0,0,0
21:59,S64,0,0,0
21:59,S66,0,0,0
21:59,S71,0,0,0
21:59,S77,0,0,0
21:59,S78,0,0,0
21:59,S79,0,0,0
21:59,S81,0,0,0
21:59,S84,0,0,0
21:59,S88,0,0,0
21:59,S89,0,0,0
21:59,S90,0,0,0
21:59,S91,0,0,0
21:59,S92,0,0,0
21:59,S94,0,0,0
22:04,S07,0,0,0
22:04,S101,0,0,0
22:04,S104,0,0,0
22:04,S106,0,0,0
22:04,S107,0,0,0
22:04,S108,0,0,0
22:04,S109,0,0,0
22:04,S11,0,0,0
22:04,S110,0,0,0
22:04,S112,0,0,0
22:04,S113,0,0,0
22:04,S114,0,0,0
22:04,S115,0,0,0
22:04,S116,0,0,0
22:04,S117,0,0,0
22:04,S118,0,0,0
22:04,S119,0,0,0
22:04,S120,0,0,0
22:04,S122,0,0,0
22:04,S123,0,0,0
22:04,S24,0,0,0
22:04,S33,0,0,0
22:04,S35,0,0,0
22:04,S40,0,0,0
22:04,S43,0,0,0
22:04,S44,0,0,0
22:04,S46,0,0,0
22:04,S50,0,0,0
22:04,S55,0,0,0
22:04,S60,0,0,0
22:04,S61,0,0,0
22:04,S63,0,0,0
22:04,S64,0,0,0
22:04,S66,0,0,0
22:04,S71,0,0,0
22:04,S77,0,0,0
22:04,S78,0,0,0
22:04,S79,0,0,0
22:04,S81,0,0,0
22:04,S84,0,0,0
22:04,S88,0,0,0
22:04,S89,0,0,0
22:04,S90,0,0,0
22:04,S91,0,0,0
22:04,S92,0,0,0
22:04,S94,0,0,0
22:09,S07,0,0,0
22:09,S101,0,0,0
22:09,S104,0,0,0
22:09,S106,0,0,0
22:09,S107,0,0,0
22:09,S108,0,0,0
22:09,S109,0,0,0
22:09,S11,0,0,0
22:09,S110,0,0,0
22:09,S112,0,0,0
22:09,S113,0,0,0
22:09,S114,0,0,0
22:09,S116,0,0,0
22:09,S117,0,0,0
22:09,S118,0,0,0
22:09,S119,0,0,0
22:09,S120,0,0,0
22:09,S122,0,0,0
22:09,S123,0,0,0
22:09,S24,0,0,0
22:09,S33,0,0,0
22:09,S35,0,0,0
22:09,S40,0,0,0
22:09,S43,0,0,0
22:09,S44,0,0,0
22:09,S46,0,0,0
22:09,S50,0,0,0
22:09,S55,0,0,0
22:09,S60,0,0,0
22:09,S61,0,0,0
22:09,S63,0,0,0
22:09,S64,0,0,0
22:09,S66,0,0,0
22:09,S71,0,0,0
22:09,S77,0,0,0
22:09,S78,0,0,0
22:09,S79,0,0,0
22:09,S81,0,0,0
22:09,S84,0,0,0
22:09,S88,0,0,0
22:09,S89,0,0,0
22:09,S90,0,0,0
22:09,S91,0,0,0
22:09,S92,0,0,0
22:09,S94,0,0,0
22:14,S07,0,0,0
22:14,S101,0,0,0
22:14,S104,0,0,0
22:14,S106,0,0,0
22:14,S107,0,0,0
22:14,S108,0,0,0
22:14,S109,0,0,0
22:14,S11,0,0,0
22:14,S110,0,0,0
22:14,S112,0,0,0
22:14,S113,0,0,0
22:14,S114,0,0,0
22:14,S115,0,0,0
22:14,S116,0,0,0
22:14,S117,0,0,0
22:14,S118,0,0,0
22:14,S119,0,0,0
22:14,S120,0,0,0
22:14,S122,0,0,0
22:14,S123,0,0,0
22:14,S24,0,0,0
22:14,S33,0,0,0
22:14,S35,0,0,0
22:14,S40,0,0,0
22:14,S43,0,0,0
22:14,S44,0,0,0
22:14,S46,0,0,0
22:14,S50,0,0,0
22:14,S55,0,0,0
22:14,S60,0,0,0
22:14,S61,0,0,0
22:14,S63,0,0,0
22:14,S64,0,0,0
22:14,S66,0,0,0
22:14,S71,0,0,0
22:14,S77,0,0,0
22:14,S78,0,0,0
22:14,S79,0,0,0
22:14,S81,0,0,0
22:14,S84,0,0,0
22:14,S88,0,0,0
22:14,S89,0,0,0
22:14,S90,0,0,0
22:14,S91,0,0,0
22:14,S92,0,0,0
22:14,S94,0,0,0
22:24,S07,0,0,0
22:24,S101,0,0,0
22:24,S104,0,0,0
22:24,S106,0,0,0
22:24,S107,0,0,0
22:24,S108,0,0,0
22:24,S109,0,0,0
22:24,S11,0,0,0
22:24,S110,0,0,0
22:24,S112,0,0,0
22:24,S113,0,0,0
22:24,S114,0,0,0
22:24,S115,0,0,0
22:24,S116,0,0,0
22:24,S117,0,0,0
22:24,S118,0,0,0
22:24,S119,0,0,0
22:24,S120,0,0,0
22:24,S122,0,0,0
22:24,S123,0,0,0
22:24,S24,0,0,0
22:24,S33,0,0,0
22:24,S35,0,0,0
22:24,S40,0,0,0
22:24,S43,0,0,0
22:24,S44,0,0,0
22:24,S46,0,0,0
22:24,S50,0,0,0
22:24,S55,0,0,0
22:24,S60,0,0,0
22:24,S61,0,0,0
22:24,S63,0,0,0
22:24,S64,0,0,0
22:24,S66,0,0,0
22:24,S71,0,0,0
22:24,S77,0,0,0
22:24,S78,0,0,0
22:24,S79,0,0,0
22:24,S81,0,0,0
22:24,S84,0,0,0
22:24,S88,0,0,0
22:24,S89,0,0,0
22:24,S90,0,0,0
22:24,S91,0,0,0
22:24,S92,0,0,0
22:24,S94,0,0,0
22:29,S07,0,0,0
22:29,S101,0,0,0
22:29,S104,0,0,0
22:29,S106,0,0,0
22:29,S107,0,0,0
22:29,S108,0,0,0
22:29,S109,0,0,0
22:29,S11,0,0,0
22:29,S110,0,0,0
22:29,S112,0,0,0
22:29,S113,0,0,0
22:29,S114,0,0,0
22:29,S115,0,0,0
22:29,S116,0,0,0
22:29,S117,0,0,0
22:29,S118,0,0,0
22:29,S119,0,0,0
22:29,S120,0,0,0
22:29,S122,0,0,0
22:29,S123,0,0,0
22:29,S24,0,0,0
22:29,S33,0,0,0
22:29,S35,0,0,0
22:29,S40,0,0,0
22:29,S43,0,0,0
22:29,S44,0,0,0
22:29,S46,0,0,0
22:29,S50,0,0,0
22:29,S55,0,0,0
22:29,S60,0,0,0
22:29,S61,0,0,0
22:29,S63,0,0,0
22:29,S64,0,0,0
22:29,S66,0,0,0
22:29,S69,0,0,0
22:29,S71,0,0,0
22:29,S77,0,0,0
22:29,S78,0,0,0
22:29,S79,0,0,0
22:29,S81,0,0,0
22:29,S84,0,0,0
22:29,S88,0,0,0
22:29,S89,0,0,0
22:29,S90,0,0,0
22:29,S91,0,0,0
22:29,S92,0,0,0
22:29,S94,0,0,0
22:34,S07,0,0,0
22:34,S101,0,0,0
22:34,S104,0,0,0
22:34,S106,0,0,0
22:34,S107,0,0,0
22:34,S108,0,0,0
22:34,S109,0,0,0
22:34,S11,0,0,0
22:34,S110,0,0,0
22:34,S112,0,0,0
22:34,S113,0,0,0
22:34,S114,0,0,0
22:34,S115,0,0,0
22:34,S116,0,0,0
22:34,S117,0,0,0
22:34,S118,0,0,0
22:34,S119,0,0,0
22:34,S120,0,0,0
22:34,S122,0,0,0
22:34,S123,0,0,0
22:34,S24,0,0,0
22:34,S33,0,0,0
22:34,S35,0,0,0
22:34,S40,0,0,0
22:34,S43,0,0,0
22:34,S44,0,0,0
22:34,S46,0,0,0
22:34,S50,0,0,0
22:34,S55,0,0,0
22:34,S60,0,0,0
22:34,S61,0,0,0
22:34,S63,0,0,0
22:34,S64,0,0,0
22:34,S66,0,0,0
22:34,S77,0,0,0
22:34,S78,0,0,0
22:34,S79,0,0,0
22:34,S81,0,0,0
22:34,S84,0,0,0
22:34,S88,0,0,0
22:34,S89,0,0,0
22:34,S90,0,0,0
22:34,S91,0,0,0
22:34,S92,0,0,0
22:34,S94,0,0,0
22:39,S07,0,0,0
22:39,S101,0,0,0
22:39,S104,0,0,0
22:39,S106,0,0,0
22:39,S107,0,0,0
22:39,S108,0,0,0
22:39,S109,0,0,0
22:39,S11,0,0,0
22:39,S110,0,0,0
22:39,S112,0,0,0
22:39,S113,0,0,0
22:39,S114,0,0,0
22:39,S115,0,0,0
22:39,S116,0,0,0
22:39,S117,0,0,0
22:39,S118,0,0,0
22:39,S119,0,0,0
22:39,S120,0,0,0
22:39,S122,0,0,0
22:39,S123,0,0,0
22:39,S24,0,0,0
22:39,S33,0,0,0
22:39,S35,0,0,0
22:39,S40,0,0,0
22:39,S43,0,0,0
22:39,S44,0,0,0
22:39,S46,0,0,0
22:39,S50,0,0,0
22:39,S55,0,0,0
22:39,S60,0,0,0
22:39,S61,0,0,0
22:39,S63,0,0,0
22:39,S64,0,0,0
22:39,S66,0,0,0
22:39,S77,0,0,0
22:39,S78,0,0,0
22:39,S79,0,0,0
22:39,S81,0,0,0
22:39,S84,0,0,0
22:39,S88,0,0,0
22:39,S89,0,0,0
22:39,S90,0,0,0
22:39,S91,0,0,0
22:39,S92,0,0,0
22:39,S94,0,0,0
22:44,S07,0,0,0
22:44,S101,0,0,0
22:44,S104,0,0,0
22:44,S106,0,0,0
22:44,S107,0,0,0
22:44,S108,0,0,0
22:44,S109,0,0,0
22:44,S11,0,0,0
22:44,S110,0,0,0
22:44,S113,0,0,0
22:44,S114,0,0,0
22:44,S116,0,0,0
22:44,S117,0,0,0
22:44,S118,0,0,0
22:44,S119,0,0,0
22:44,S120,0,0,0
22:44,S122,0,0,0
22:44,S123,0,0,0
22:44,S24,0,0,0
22:44,S33,0,0,0
22:44,S35,0,0,0
22:44,S40,0,0,0
22:44,S43,0,0,0
22:44,S44,0,0,0
22:44,S46,0,0,0
22:44,S50,0,0,0
22:44,S55,0,0,0
22:44,S60,0,0,0
22:44,S61,0,0,0
22:44,S63,0,0,0
22:44,S64,0,0,0
22:44,S66,0,0,0
22:44,S71,0,0,0
22:44,S77,0,0,0
22:44,S78,0,0,0
22:44,S79,0,0,0
22:44,S81,0,0,0
22:44,S84,0,0,0
22:44,S88,0,0,0
22:44,S89,0,0,0
22:44,S90,0,0,0
22:44,S91,0,0,0
22:44,S92,0,0,0
22:44,S94,0,0,0
22:49,S07,0,0,0
22:49,S101,0,0,0
22:49,S104,0,0,0
22:49,S106,0,0,0
22:49,S107,0,0,0
22:49,S108,0,0,0
22:49,S109,0,0,0
22:49,S11,0,0,0
22:49,S110,0,0,0
22:49,S112,0,0,0
22:49,S113,0,0,0
22:49,S114,0,0,0
22:49,S115,0,0,0
22:49,S116,0,0,0
22:49,S117,0,0,0
22:49,S118,0,0,0
22:49,S119,0,0,0
22:49,S120,0,0,0
22:49,S122,0,0,0
22:49,S123,0,0,0
22:49,S24,0,0,0
22:49,S33,0,0,0
22:49,S35,0,0,0
22:49,S40,0,0,0
22:49,S43,0,0,0
22:49,S44,0,0,0
22:49,S46,0,0,0
22:49,S50,0,0,0
22:49,S55,0,0,0
22:49,S60,0,0,0
22:49,S61,0,0,0
22:49,S63,0,0,0
22:49,S64,0,0,0
22:49,S66,0,0,0
22:49,S77,0,0,0
22:49,S78,0,0,0
22:49,S79,0,0,0
22:49,S81,0,0,0
22:49,S84,0,0,0
22:49,S88,0,0,0
22:49,S89,0,0,0
22:49,S90,0,0,0
22:49,S91,0,0,0
22:49,S92,0,0,0
22:49,S94,0,0,0
22:54,S07,0,0,0
22:54,S101,0,0,0
22:54,S104,0,0,0
22:54,S106,0,0,0
22:54,S107,0,0,0
22:54,S108,0,0,0
22:54,S109,0,0,0
22:54,S11,0,0,0
22:54,S110,0,0,0
22:54,S112,0,0,0
22:54,S113,0,0,0
22:54,S114,0,0,0
22:54,S115,0,0,0
22:54,S116,0,0,0
22:54,S117,0,0,0
22:54,S118,0,0,0
22:54,S119,0,0,0
22:54,S120,0,0,0
22:54,S122,0,0,0
22:54,S123,0,0,0
22:54,S24,0,0,0
22:54,S33,0,0,0
22:54,S35,0,0,0
22:54,S40,0,0,0
22:54,S43,0,0,0
22:54,S44,0,0,0
22:54,S46,0,0,0
22:54,S50,0,0,0
22:54,S55,0,0,0
22:54,S60,0,0,0
22:54,S61,0,0,0
22:54,S63,0,0,0
22:54,S64,0,0,0
22:54,S66,0,0,0
22:54,S77,0,0,0
22:54,S78,0,0,0
22:54,S79,0,0,0
22:54,S81,0,0,0
22:54,S84,0,0,0
22:54,S88,0,0,0
22:54,S89,0,0,0
22:54,S90,0,0,0
22:54,S91,0,0,0
22:54,S92,0,0,0
22:54,S94,0,0,0
22:59,S07,0,0,0
22:59,S101,0,0,0
22:59,S104,0,0,0
22:59,S106,0,0,0
22:59,S107,0,0,0
22:59,S108,0,0,0
22:59,S109,0,0,0
22:59,S11,0,0,0
22:59,S110,0,0,0
22:59,S112,0,0,0
22:59,S113,0,0,0
22:59,S114,0,0,0
22:59,S116,0,0,0
22:59,S117,0,0,0
22:59,S118,0,0,0
22:59,S119,0,0,0
22:59,S120,0,0,0
22:59,S122,0,0,0
22:59,S123,0,0,0
22:59,S24,0,0,0
22:59,S33,0,0,0
22:59,S35,0,0,0
22:59,S40,0,0,0
22:59,S43,0,0,0
22:59,S44,0,0,0
22:59,S46,0,0,0
22:59,S50,0,0,0
22:59,S55,0,0,0
22:59,S60,0,0,0
22:59,S61,0,0,0
22:59,S63,0,0,0
22:59,S64,0,0,0
22:59,S66,0,0,0
22:59,S71,0,0,0
22:59,S77,0,0,0
22:59,S78,0,0,0
22:59,S79,0,0,0
22:59,S81,0,0,0
22:59,S84,0,0,0
22:59,S88,0,0,0
22:59,S89,0,0,0
22:59,S90,0,0,0
22:59,S91,0,0,0
22:59,S92,0,0,0
22:59,S94,0,0,0
23:04,S07,0,0,0
23:04,S101,0,0,0
23:04,S104,0,0,0
23:04,S106,0,0,0
23:04,S107,0,0,0
23:04,S108,0,0,0
23:04,S109,0,0,0
23:04,S11,0,0,0
23:04,S110,0,0,0
23:04,S112,0,0,0
23:04,S113,0,0,0
23:04,S114,0,0,0
23:04,S116,0,0,0
23:04,S117,0,0,0
23:04,S118,0,0,0
23:04,S119,0,0,0
23:04,S120,0,0,0
23:04,S122,0,0,0
23:04,S123,0,0,0
23:04,S24,0,0,0
23:04,S33,0,0,0
23:04,S35,0,0,0
23:04,S40,0,0,0
23:04,S43,0,0,0
23:04,S44,0,0,0
23:04,S46,0,0,0
23:04,S50,0,0,0
23:04,S55,0,0,0
23:04,S60,0,0,0
23:04,S61,0,0,0
23:04,S63,0,0,0
23:04,S64,0,0,0
23:04,S66,0,0,0
23:04,S71,0,0,0
23:04,S77,0,0,0
23:04,S78,0,0,0
23:04,S79,0,0,0
23:04,S81,0,0,0
23:04,S84,0,0,0
23:04,S88,0,0,0
23:04,S89,0,0,0
23:04,S90,0,0,0
23:04,S91,0,0,0
23:04,S92,0,0,0
23:04,S94,0,0,0
23:09,S07,0,0,0
23:09,S101,0,0,0
23:09,S104,0,0,0
23:09,S106,0,0,0
23:09,S107,0,0,0
23:09,S108,0,0,0
23:09,S109,0,0,0
23:09,S11,0,0,0
23:09,S110,0,0,0
23:09,S112,0,0,0
23:09,S113,0,0,0
23:09,S114,0,0,0
23:09,S115,0,0,0
23:09,S116,0,0,0
23:09,S117,0.2,0.2,0.2
23:09,S118,0,0,0
23:09,S119,0,0,0
23:09,S120,0,0,0
23:09,S122,0,0,0
23:09,S123,0,0,0
23:09,S24,0,0,0
23:09,S33,0,0,0
23:09,S35,0,0,0
23:09,S40,0,0,0
23:09,S43,0,0,0
23:09,S44,0,0,0
23:09,S46,0,0,0
23:09,S50,0,0,0
23:09,S55,0,0,0
23:09,S60,0,0,0
23:09,S61,0,0,0
23:09,S63,0,0,0
23:09,S64,0,0,0
23:09,S66,0,0,0
23:09,S71,0,0,0
23:09,S77,0,0,0
23:09,S78,0,0,0
23:09,S79,0,0,0
23:09,S81,0,0,0
23:09,S84,0,0,0
23:09,S88,0,0,0
23:09,S89,0,0,0
23:09,S90,0,0,0
23:09,S91,0,0,0
23:09,S92,0,0,0
23:09,S94,0,0,0
23:14,S07,0,0,0
23:14,S101,0,0,0
23:14,S104,0,0,0
23:14,S106,0,0,0
23:14,S107,0,0,0
23:14,S108,0,0,0
23:14,S109,0,0,0
23:14,S11,0,0,0
23:14,S110,0,0,0
23:14,S112,0,0,0
23:14,S113,0,0,0
23:14,S114,0,0,0
23:14,S115,0,0,0
23:14,S116,0,0,0
23:14,S117,1.0,1.0,1.0
23:14,S118,0,0,0
23:14,S119,0,0,0
23:14,S120,0,0,0
23:14,S122,0,0,0
23:14,S123,0,0,0
23:14,S24,0,0,0
23:14,S33,0,0,0
23:14,S35,0,0,0
23:14,S40,0,0,0
23:14,S43,0,0,0
23:14,S44,0,0,0
23:14,S46,0,0,0
23:14,S50,0,0,0
23:14,S55,0,0,0
23:14,S60,0,0,0
23:14,S61,0,0,0
23:14,S63,0,0,0
23:14,S64,0,0,0
23:14,S66,0,0,0
23:14,S69,0,0,0
23:14,S71,0,0,0
23:14,S77,0,0,0
23:14,S78,0,0,0
23:14,S79,0,0,0
23:14,S81,0,0,0
23:14,S84,0,0,0
23:14,S88,0,0,0
23:14,S89,0,0,0
23:14,S90,0,0,0
23:14,S91,0,0,0
23:14,S92,0,0,0
23:14,S94,0,0,0
23:19,S07,0,0,0
23:19,S101,0,0,0
23:19,S104,0,0,0
23:19,S106,0,0,0
23:19,S107,0,0,0
23:19,S108,0,0,0
23:19,S109,0,0,0
23:19,S11,0,0,0
23:19,S110,0,0,0
23:19,S112,0,0,0
23:19,S113,0,0,0
23:19,S114,0,0,0
23:19,S115,0,0,0
23:19,S116,0,0,0
23:19,S117,1.4,1.4,1.4
23:19,S118,0,0,0
23:19,S119,0,0,0
23:19,S120,0,0,0
23:19,S122,0,0,0
23:19,S123,0,0,0
23:19,S24,0,0,0
23:19,S33,0,0,0
23:19,S35,0,0,0
23:19,S40,0,0,0
23:19,S43,0,0,0
23:19,S44,0,0,0
23:19,S46,0,0,0
23:19,S50,0,0,0
23:19,S55,0,0,0
23:19,S60,0,0,0
23:19,S61,0,0,0
23:19,S63,0,0,0
23:19,S64,0,0,0
23:19,S66,0,0,0
23:19,S69,0,0,0
23:19,S71,0,0,0
23:19,S77,0,0,0
23:19,S78,0,0,0
23:19,S79,0,0,0
23:19,S81,0,0,0
23:19,S84,0,0,0
23:19,S88,0,0,0
23:19,S89,0,0,0
23:19,S90,0,0,0
23:19,S91,0,0,0
23:19,S92,0,0,0
23:19,S94,0,0,0
23:24,S07,0,0,0
23:24,S101,0,0,0
23:24,S104,0,0,0
23:24,S106,0,0,0
23:24,S107,0,0,0
23:24,S108,0,0,0
23:24,S109,0,0,0
23:24,S11,0,0,0
23:24,S110,0,0,0
23:24,S113,0,0,0
23:24,S114,0,0,0
23:24,S116,0,0,0
23:24,S117,1.6,1.6,1.6
23:24,S118,0,0,0
23:24,S119,0,0,0
23:24,S120,0,0,0
23:24,S122,0,0,0
23:24,S123,0,0,0
23:24,S24,0,0,0
23:24,S33,0,0,0
23:24,S35,0,0,0
23:24,S40,0,0,0
23:24,S43,0,0,0
23:24,S44,0,0,0
23:24,S46,0,0,0
23:24,S50,0,0,0
23:24,S55,0,0,0
23:24,S60,0,0,0
23:24,S61,0,0,0
23:24,S63,0,0,0
23:24,S64,0,0,0
23:24,S66,0,0,0
23:24,S69,0,0,0
23:24,S71,0,0,0
23:24,S77,0,0,0
23:24,S78,0,0,0
23:24,S79,0,0,0
23:24,S81,0,0,0
23:24,S84,0,0,0
23:24,S88,0,0,0
23:24,S89,0,0,0
23:24,S90,0,0,0
23:24,S91,0,0,0
23:24,S92,0,0,0
23:24,S94,0,0,0
23:29,S07,0,0,0
23:29,S101,0,0,0
23:29,S104,0,0,0
23:29,S106,0,0,0
23:29,S107,0,0,0
23:29,S108,0,0,0
23:29,S109,0,0,0
23:29,S11,0,0,0
23:29,S110,0,0,0
23:29,S112,0,0,0
23:29,S113,0,0,0
23:29,S114,0,0,0
23:29,S115,0,0,0
23:29,S116,0,0,0
23:29,S117,1.6,1.6,1.6
23:29,S118,0,0,0
23:29,S119,0,0,0
23:29,S120,0,0,0
23:29,S122,0,0,0
23:29,S123,0,0,0
23:29,S24,0,0,0
23:29,S33,0,0,0
23:29,S35,0,0,0
23:29,S40,0,0,0
23:29,S43,0,0,0
23:29,S44,0,0,0
23:29,S46,0,0,0
23:29,S50,0,0,0
23:29,S55,0,0,0
23:29,S60,0,0,0
23:29,S61,0,0,0
23:29,S63,0,0,0
23:29,S64,0,0,0
23:29,S66,0,0,0
23:29,S69,0,0,0
23:29,S71,0,0,0
23:29,S77,0,0,0
23:29,S78,0,0,0
23:29,S79,0,0,0
23:29,S81,0,0,0
23:29,S84,0,0,0
23:29,S88,0,0,0
23:29,S89,0,0,0
23:29,S90,0,0,0
23:29,S91,0,0,0
23:29,S92,0,0,0
23:29,S94,0,0,0
23:34,S07,0,0,0
23:34,S101,0,0,0
23:34,S104,0,0,0
23:34,S106,0,0,0
23:34,S107,0,0,0
23:34,S108,0,0,0
23:34,S109,0,0,0
23:34,S11,0,0,0
23:34,S110,0,0,0
23:34,S113,0,0,0
23:34,S114,0,0,0
23:34,S115,0,0,0
23:34,S116,0,0,0
23:34,S117,1.6,1.6,1.6
23:34,S118,0,0,0
23:34,S119,0,0,0
23:34,S120,0,0,0
23:34,S122,0,0,0
23:34,S123,0,0,0
23:34,S24,0,0,0
23:34,S33,0,0,0
23:34,S35,0,0,0
23:34,S40,0,0,0
23:34,S43,0,0,0
23:34,S44,0,0,0
23:34,S46,0,0,0
23:34,S50,0,0,0
23:34,S55,0,0,0
23:34,S60,0,0,0
23:34,S61,0,0,0
23:34,S63,0,0,0
23:34,S64,0,0,0
23:34,S66,0,0,0
23:34,S69,0,0,0
23:34,S71,0,0,0
23:34,S77,0,0,0
23:34,S78,0,0,0
23:34,S79,0,0,0
23:34,S81,0,0,0
23:34,S84,0,0,0
23:34,S88,0,0,0
23:34,S89,0,0,0
23:34,S90,0,0,0
23:34,S91,0,0,0
23:34,S92,0,0,0
23:34,S94,0,0,0
23:39,S07,0,0,0
23:39,S101,0,0,0
23:39,S104,0,0,0
23:39,S106,0,0,0
23:39,S107,0,0,0
23:39,S108,0,0,0
23:39,S109,0,0,0
23:39,S11,0,0,0
23:39,S110,0,0,0
23:39,S112,0,0,0
23:39,S113,0,0,0
23:39,S114,0,0,0
23:39,S115,0,0,0
23:39,S116,0,0,0
23:39,S117,1.6,1.8,1.8
23:39,S118,0,0,0
23:39,S119,0,0,0
23:39,S120,0,0,0
23:39,S122,0,0,0
23:39,S123,0,0,0
23:39,S24,0,0,0
23:39,S33,0,0,0
23:39,S35,0,0,0
23:39,S40,0,0,0
23:39,S43,0,0,0
23:39,S44,0,0,0
23:39,S46,0,0,0
23:39,S50,0,0,0
23:39,S55,0,0,0
23:39,S60,0,0,0
23:39,S61,0,0,0
23:39,S63,0,0,0
23:39,S64,0,0,0
23:39,S66,0,0,0
23:39,S71,0,0,0
23:39,S77,0,0,0
23:39,S78,0,0,0
23:39,S79,0,0,0
23:39,S81,0,0,0
23:39,S84,0,0,0
23:39,S88,0,0,0
23:39,S89,0,0,0
23:39,S90,0,0,0
23:39,S91,0,0,0
23:39,S92,0,0,0
23:39,S94,0,0,0
23:44,S07,0,0,0
23:44,S101,0,0,0
23:44,S104,0,0,0
23:44,S106,0,0,0
23:44,S107,0,0,0
23:44,S108,0,0,0
23:44,S109,0,0,0
23:44,S11,0,0,0
23:44,S110,0,0,0
23:44,S112,0,0,0
23:44,S113,0,0,0
23:44,S114,0,0,0
23:44,S115,0,0,0
23:44,S116,0,0,0
23:44,S117,0.8,0.8,1.8
23:44,S118,0,0,0
23:44,S119,0,0,0
23:44,S120,0,0,0
23:44,S122,0,0,0
23:44,S123,0,0,0
23:44,S24,0,0,0
23:44,S33,0,0,0
23:44,S35,0,0,0
23:44,S40,0,0,0
23:44,S43,0,0,0
23:44,S44,0,0,0
23:44,S46,0,0,0
23:44,S50,0,0,0
23:44,S55,0,0,0
23:44,S60,0,0,0
23:44,S61,0,0,0
23:44,S63,0,0,0
23:44,S64,0,0,0
23:44,S66,0,0,0
23:44,S69,0,0,0
23:44,S71,0,0,0
23:44,S77,0,0,0
23:44,S78,0,0,0
23:44,S79,0,0,0
23:44,S81,0,0,0
23:44,S84,0,0,0
23:44,S88,0,0,0
23:44,S89,0,0,0
23:44,S90,0,0,0
23:44,S91,0,0,0
23:44,S92,0,0,0
23:44,S94,0,0,0
23:49,S07,0,0,0
23:49,S101,0,0,0
23:49,S104,0,0,0
23:49,S106,0,0,0
23:49,S107,0,0,0
23:49,S108,0,0,0
23:49,S109,0,0,0
23:49,S11,0,0,0
23:49,S110,0,0,0
23:49,S112,0,0,0
23:49,S113,0,0,0
23:49,S114,0,0,0
23:49,S116,0,0,0
23:49,S117,0.4,1.8,1.8
23:49,S118,0,0,0
23:49,S119,0,0,0
23:49,S120,0,0,0
23:49,S122,0,0,0
23:49,S123,0,0,0
23:49,S24,0,0,0
23:49,S33,0,0,0
23:49,S35,0,0,0
23:49,S40,0,0,0
23:49,S43,0,0,0
23:49,S44,0,0,0
23:49,S46,0,0,0
23:49,S50,0,0,0
23:49,S55,0,0,0
23:49,S60,0,0,0
23:49,S61,0,0,0
23:49,S63,0,0,0
23:49,S64,0,0,0
23:49,S66,0,0,0
23:49,S69,0,0,0
23:49,S71,0,0,0
23:49,S77,0,0,0
23:49,S78,0,0,0
23:49,S79,0,0,0
23:49,S81,0,0,0
23:49,S84,0,0,0
23:49,S88,0,0,0
23:49,S89,0,0,0
23:49,S90,0,0,0
23:49,S91,0,0,0
23:49,S92,0,0,0
23:49,S94,0,0,0
